Car Brand,Car Model,Model Year,Car Price (in $),Car Mileage (in miles)
INFINITI,QX60,2019,34998,30065
Nissan,LEAF,2021,37590,11725
Nissan,Titan,2017,34999,76506
Nissan,Rogue,2019,14445,169206
Mercedes-Benz,GLE,2020,46900,46009
Ferrari,612 Scaglietti,2005,99995,15104
Mercedes-Benz,GLE,2020,49900,34772
Mercedes-Benz,GLC,2022,49785,2825
Ford,Escape,2019,16495,125438
Nissan,Rogue,2020,19995,40842
Mercedes-Benz,C-Class,2019,33900,16650
Mercedes-Benz,GLS,2019,49900,31501
Mercedes-Benz,GLC,2022,49910,5970
Mercedes-Benz,GLC,2022,50385,5710
Mercedes-Benz,GLC,2022,50135,6137
Mercedes-Benz,GLE,2020,49900,35750
Mercedes-Benz,GLC,2022,50385,2569
Mercedes-Benz,C-Class,2019,34900,14717
Lexus,RX,2019,34569,53325
Mercedes-Benz,C-Class,2019,34900,17670
Mercedes-Benz,GLS,2019,53969,15412
Mercedes-Benz,A-Class,2019,28969,27840
Porsche,Cayenne,2019,65995,15983
Mercedes-Benz,C-Class,2019,34900,17548
Toyota,Corolla,2013,12995,60390
Porsche,Cayenne,2019,63995,25852
Mercedes-Benz,GLC,2022,49985,6510
Toyota,Corolla,2020,21269,25867
Toyota,FJ Cruiser,2008,15995,127369
Lexus,ES,2019,35069,9276
Chevrolet,Equinox,2019,25987,18810
Chrysler,Pacifica,2019,25495,20264
Nissan,Rogue,2019,23488,19124
Lexus,RX,2019,37569,35740
Lexus,NX,2019,33569,15426
Audi,A8,2019,56269,23302
Mercedes-Benz,C-Class,2019,38900,22099
Lexus,ES,2018,31969,10064
Honda,Civic,2013,12995,63361
Nissan,Rogue,2016,16788,54896
Nissan,Altima,2020,19495,23167
Bentley,Continental Supersports,2018,209995,10866
Toyota,Corolla,2020,19797,61483
Jeep,Grand Cherokee,2019,28995,42068
Mercedes-Benz,GLE,2020,52900,30830
Mercedes-Benz,GLA,2019,30995,27086
Lexus,RX,2012,16069,118329
Honda,CR-V,2019,26998,29536
Mercedes-Benz,S-Class,2022,119900,2024
Mercedes-Benz,GLC,2018,35900,21822
Mercedes-Benz,GLE,2020,54900,26620
Mercedes-Benz,G-Class,2016,79900,51835
Lexus,IS,2019,32069,24772
Mercedes-Benz,CLS,2019,59900,18749
Mercedes-Benz,GLC,2022,49485,5876
Porsche,Macan,2021,56995,7475
Porsche,Macan,2018,50995,30630
Lexus,ES,2019,33569,63526
Rolls-Royce,Cullinan,2021,439500,4810
Ford,Bronco Sport,2021,36969,7888
Nissan,Rogue,2019,20995,35271
Chevrolet,Equinox,2019,18500,24129
Chevrolet,Malibu,2020,20000,60597
Ford,F-150,2019,42995,77596
Mercedes-Benz,GLC,2018,37942,22974
Mercedes-Benz,GLB,2022,46515,3530
Nissan,Rogue,2020,24998,40656
Mercedes-Benz,C-Class,2016,14999,110000
Hyundai,Accent,2018,14569,44375
Mercedes-Benz,GLB,2021,42900,4662
Honda,Accord,2015,13995,104456
Ford,Fusion,2017,16995,70177
Chevrolet,Equinox,2019,26789,23079
Mercedes-Benz,CLA,2020,36900,31490
Nissan,Rogue,2020,24788,26542
Audi,A8,2019,54212,38424
Lamborghini,Urus,2020,259995,18581
Audi,Q3,2016,15998,117006
Mercedes-Benz,GLA,2019,32900,24930
Mercedes-Benz,E-Class,2019,42900,26000
Audi,Q5,2019,35158,32759
Porsche,Macan,2018,45995,26396
Acura,MDX,2020,38998,8729
Mercedes-Benz,E-Class,2014,43995,60080
Lexus,RX,2019,37069,38460
Porsche,Macan,2018,48995,38427
Toyota,RAV4,2019,27588,35726
Jeep,Grand Cherokee,2016,22995,92100
Toyota,Camry,2017,18995,82952
Nissan,Rogue,2021,29998,11281
Nissan,Murano,2019,25069,45189
Mercedes-Benz,C-Class,2018,32900,16649
Mercedes-Benz,S-Class,2020,79900,23653
Mercedes-Benz,E-Class,2008,7995,130638
Rolls-Royce,Ghost,2021,374900,6099
BMW,X5,2018,24995,134944
Nissan,Rogue,2019,26488,17134
Mercedes-Benz,E-Class,2019,56900,33130
Chrysler,Pacifica,2019,24495,41507
Lexus,ES,2017,21995,102338
Chevrolet,Equinox,2019,20500,29941
BMW,3 Series,2014,14995,85036
Volkswagen,Tiguan,2019,22987,11104
Mercedes-Benz,E-Class,2019,82995,25688
Nissan,Rogue,2019,23588,22816
Nissan,Sentra,2019,14995,56635
Ford,Edge,2021,25597,51609
Nissan,Rogue,2018,19500,50278
Volvo,XC60,2019,36490,29212
Mercedes-Benz,S-Class,2020,78900,18381
BMW,X5,2014,18999,80511
Ford,Explorer,2019,29495,29775
Ford,EcoSport,2020,20097,43530
Lexus,NX,2016,25469,78894
Audi,Q5,2019,31121,47361
Mercedes-Benz,M-Class,2012,13995,120257
Porsche,911,2019,105995,8110
Porsche,Macan,2018,45966,20339
Lexus,RX,2022,49969,1486
Jeep,Grand Cherokee,2019,33500,21317
Toyota,Corolla,2016,15995,70996
Mercedes-Benz,SL,2004,14495,78201
Ram,1500 Classic,2019,31994,35641
Honda,HR-V,2019,22889,20933
Ford,Escape,2019,18995,64541
Ford,EcoSport,2020,20097,43439
Jeep,Cherokee,2019,19995,88968
Dodge,Grand Caravan,2018,16995,85566
Mercedes-Benz,G-Class,2019,148900,22831
Mercedes-Benz,CLA,2019,32900,9462
Nissan,Rogue,2019,25488,18790
Nissan,Rogue,2019,19995,41432
Ford,Edge,2019,26888,32554
Nissan,Murano,2019,26388,18559
Ford,Explorer,2019,29998,40186
Ford,Explorer,2019,28998,41680
Ford,EcoSport,2020,19197,51236
Nissan,Rogue,2020,20995,46505
GMC,Acadia,2017,12493,199048
Jeep,Grand Cherokee,2013,12450,107207
Nissan,Rogue,2019,25998,27817
Saab,9-3,2007,6995,92120
Nissan,Rogue,2015,17588,47471
Toyota,Camry,2015,15995,86645
Lexus,UX,2020,34069,26780
Mercedes-Benz,GLE,2020,54900,18995
Mercury,Milan,2010,6995,60470
Mercedes-Benz,C-Class,2015,20407,76282
Honda,Accord,2019,21995,39471
Ford,Explorer,2021,34797,44371
Hyundai,Elantra,2020,18897,50849
Honda,Civic,2019,20500,32384
Mercedes-Benz,GLE,2020,56900,14798
Ford,Bronco Sport,2021,33995,2917
Volvo,XC90,2019,48660,23327
Audi,Q5,2019,34374,20252
Ford,F-150,2014,12393,199804
Nissan,Rogue,2019,22175,30272
Mercedes-Benz,CLA,2020,39900,7609
Nissan,Rogue,2019,27788,17459
Nissan,Altima,2020,19095,46521
Mercedes-Benz,C-Class,2019,34900,18244
Mercedes-Benz,E-Class,2021,59900,6912
Mazda,Mazda6,2008,3999,155127
Mitsubishi,Outlander,2020,23869,13269
Lexus,NX,2015,22869,79754
Mercedes-Benz,GLS,2020,69900,20292
Ford,Explorer,2018,29995,28182
Toyota,Sienna,2019,23995,159635
Mercedes-Benz,Sprinter Cargo Van,2012,9995,244608
Mercedes-Benz,E-Class,2021,58900,23065
Rolls-Royce,Ghost,2018,229000,49672
Acura,ILX,2020,24969,6998
Hyundai,Santa Fe,2019,18219,95188
Mazda,CX-5,2019,25000,25698
Subaru,Forester,2019,26995,34450
Ford,Econoline Commercial Cutaway,2011,19997,28432
Lexus,LS,2019,55569,20670
Volvo,XC90,2019,45150,16908
Subaru,Outback,2019,30398,25374
BMW,X5,2019,47545,29103
Mercedes-Benz,C-Class,2019,33900,26259
Volkswagen,Jetta,2021,22995,18175
Toyota,Camry,2019,22995,49256
Mazda,Mazda3,2018,17495,29916
Nissan,Rogue,2020,20500,61309
Audi,Q5,2019,32716,34000
Chevrolet,Equinox,2019,21500,4961
Porsche,Cayenne,2020,73995,14949
Nissan,Altima,2020,21597,44764
Mercedes-Benz,GLC,2022,52335,3454
Mercedes-Benz,S-Class,2021,106900,13126
BMW,3 Series,2017,15999,48475
Bentley,Flying Spur,2020,252500,3096
Chevrolet,Express Cargo Van,2008,5942,208750
Mercedes-Benz,S-Class,2022,114778,3909
Mercedes-Benz,GLC,2022,50660,4816
Jeep,Wrangler,2020,36597,48882
Audi,Q5,2019,35036,20890
GMC,Acadia,2017,23995,55165
Honda,Civic,2019,16625,45274
Mercedes-Benz,GLS,2020,67900,38465
Nissan,Rogue,2019,15495,61410
Honda,Civic,2018,15995,28006
Jeep,Grand Cherokee,2018,29995,37849
BMW,X5,2019,49995,31190
Volkswagen,Atlas,2019,30945,34468
Mercedes-Benz,S-Class,2018,109995,20030
Chevrolet,Equinox,2019,22500,24196
Hyundai,Santa Fe,2020,24597,42589
Mazda,Mazda3,2019,19995,38438
Dodge,Durango,2015,20995,77045
Mercedes-Benz,GLS,2019,54900,29494
Audi,SQ5,2019,45131,26861
Nissan,Rogue,2019,22795,35944
Jeep,Wrangler,2017,27891,88536
Nissan,Sentra,2019,19495,13321
Mazda,CX-9,2019,28998,29935
Mazda,CX-5,2018,20995,32042
Lexus,RX,2020,45969,41312
Ford,Escape,2019,25479,29376
Nissan,Rogue,2019,21500,17625
Honda,HR-V,2019,24998,9725
Volkswagen,Jetta,2019,21995,33108
Chevrolet,Equinox,2019,21500,20830
Mercedes-Benz,Sprinter Cargo Van,2019,55181,25280
Nissan,Rogue,2016,17499,63859
Nissan,Rogue,2019,23295,20296
Nissan,Rogue,2019,23025,17671
Lexus,GX,2004,7000,196523
Mercedes-Benz,GLE,2020,54900,20955
Mitsubishi,Outlander,2020,20197,50884
Mercedes-Benz,E-Class,2014,14995,125172
Subaru,Crosstrek,2016,18995,93986
Mercedes-Benz,GLE,2020,56900,14858
Bentley,Bentayga,2018,145500,15766
Nissan,Rogue,2019,18480,65348
Jeep,Grand Cherokee,2018,28495,46475
Honda,Civic,2019,17899,41188
Mercedes-Benz,GLE,2020,52900,30790
Mazda,CX-5,2019,27889,21616
Audi,Q5,2021,45002,16164
Bentley,Flying Spur,2021,260995,1824
Ram,1500,2017,33995,57331
HUMMER,H3,2007,14995,80480
Toyota,Prius,2007,5200,158000
Lexus,NX,2021,39069,15020
Hyundai,Elantra,2020,15495,49986
Ford,Mustang,2020,27995,44851
Mercedes-Benz,GLS,2019,54900,23075
INFINITI,QX60,2019,29500,40116
Lexus,NX,2021,37598,20753
Porsche,Panamera,2019,81995,15931
Nissan,Sentra,2019,15995,51566
Chevrolet,Equinox,2019,20000,24174
BMW,X3,2013,10775,122776
Toyota,Corolla,2021,16988,59352
Ford,Edge,2016,23995,49686
Mercedes-Benz,E-Class,2017,32639,30252
Volvo,XC90,2020,43660,38473
Mercedes-Benz,M-Class,2015,19885,101626
Ford,F-150,2020,39000,25103
Ford,F-150,2021,46500,10032
Ford,F-150,2021,54997,4569
Ford,Edge,2020,31997,6522
BMW,M3,2022,96969,11092
Volkswagen,Tiguan,2019,24781,23159
Porsche,Cayenne,2021,94699,39508
Ford,Focus,2012,4495,139948
Jeep,Compass,2016,19568,18748
Mercedes-Benz,E-Class,2019,35000,41945
Nissan,Rogue,2016,8999,155153
Volvo,XC60,2019,40690,3733
Volkswagen,Jetta,2014,5950,175800
Hyundai,Elantra,2020,16295,46311
BMW,7 Series,2003,5995,189000
Mercedes-Benz,GLE,2016,55500,12922
Toyota,GR Supra,2020,55995,10666
Chevrolet,Traverse,2019,26361,30672
Toyota,Highlander,2019,27995,34228
Ford,F-150,2012,12599,115694
Mercedes-Benz,C-Class,2020,25995,67727
Mercedes-Benz,GLC,2022,52435,4810
Nissan,Rogue,2019,13900,152624
Honda,Pilot,2015,20569,69704
Mercedes-Benz,GLS,2019,56900,20370
Mercedes-Benz,Metris Cargo Van,2016,20395,117116
Jeep,Grand Cherokee,2018,22990,89380
Acura,TL,2006,13990,20343
Buick,Encore,2019,20000,16420
Ford,Mustang,2020,25495,48082
Porsche,Macan,2017,50500,20200
Hyundai,Sonata,2019,19495,47189
Audi,Q8,2019,58845,111
Ford,Edge,2020,24897,46188
Dodge,Challenger,2021,26495,28975
Mercedes-Benz,GLB,2022,46950,5521
Volkswagen,Rabbit,2008,7450,40867
Toyota,Highlander,2017,29889,57023
Mercedes-Benz,E-Class,2015,15500,115000
Nissan,Pathfinder,2020,33889,29798
Nissan,Murano,2019,31488,13479
Ford,Explorer,2016,19981,68496
Mercedes-Benz,GLC,2020,42815,38257
Subaru,Forester,2020,33388,16977
Mercedes-Benz,E-Class,2001,4995,140375
Porsche,911,2022,265500,307
Audi,Q5,2021,43402,7712
Ram,1500,2011,13199,100102
Honda,CR-V,2019,25899,31428
Chevrolet,Equinox,2019,21500,6187
Mazda,CX-9,2021,39995,8
Toyota,RAV4,2019,28995,28387
Honda,Civic,2018,18995,84548
Chevrolet,Equinox,2019,22000,20467
Jeep,Grand Cherokee,2020,32588,10825
Ford,Explorer,2021,33497,50788
BMW,3 Series,2012,13395,117790
Kia,Forte,2020,17797,61000
Chevrolet,Equinox,2021,18990,45476
Porsche,911,2020,130995,1922
Mercedes-Benz,GLS,2020,69900,15401
Audi,Q7,2013,20519,74705
Toyota,Camry,2020,21697,67912
Audi,Q5,2021,44858,16373
Mercedes-Benz,GLB,2020,41900,1430
Ford,Escape,2015,9599,115745
Dodge,Durango,2018,33995,31450
Chevrolet,Malibu,2021,22197,40211
Nissan,Sentra,2019,16995,59253
Mercedes-Benz,GLE,2018,42900,29618
BMW,M5,2006,18600,94010
Mercedes-Benz,GLE,2018,36995,47315
Ford,Explorer,2019,32995,17215
Ford,Mustang,2016,23495,3161
Nissan,Rogue,2019,22995,45448
Volkswagen,Tiguan,2018,23500,52734
Dodge,Charger,2014,6000,137000
Toyota,Camry,2021,24897,56200
Volvo,XC90,2019,49000,26900
Nissan,Maxima,2017,11995,154304
Volvo,XC90,2019,49500,23772
Nissan,Sentra,2019,16900,39195
Volvo,XC60,2019,38250,36973
Ford,Escape,2017,13995,69394
Volvo,XC90,2020,51220,43316
Chevrolet,Silverado 1500,2020,41500,27716
BMW,X1,2016,17981,94536
Honda,CR-V,2019,27941,65296
Mercedes-Benz,GLA,2019,28995,3621
Chevrolet,Equinox,2019,22900,12035
Nissan,Rogue,2019,17942,79732
Ford,Explorer,2019,30995,35519
Mercedes-Benz,E-Class,2019,66900,23168
INFINITI,QX60,2019,31495,37852
smart,fortwo,2015,8176,46970
Ram,1500,2014,16799,79859
Chevrolet,Traverse,2019,30000,14360
Porsche,911,2008,47500,58684
Toyota,RAV4,2017,16999,112726
Jeep,Grand Cherokee,2012,10995,112463
INFINITI,Q50,2019,29995,44247
Honda,Accord,2015,15999,87355
Nissan,Rogue,2019,16277,65265
Mercedes-Benz,Metris Cargo Van,2017,19900,113647
Honda,Accord,2019,22995,69502
Ford,Econoline Cargo Van,2014,13899,162111
Honda,Accord,2019,23981,43809
Hyundai,Santa Fe Sport,2017,14000,82140
Nissan,Altima,2019,27388,28234
Ford,F-150,2013,13999,149859
Toyota,Camry,2019,18900,118155
Ford,Fusion,2019,21998,54994
Chevrolet,Equinox,2019,17500,29125
Hyundai,Elantra,2020,17942,27419
Mercedes-Benz,A-Class,2020,36900,2018
Chevrolet,Malibu,2020,19500,57031
Nissan,Pathfinder,2020,22297,58030
Lexus,ES,2019,36869,9199
Volkswagen,Jetta,2019,15992,76254
Toyota,Corolla,2020,22499,28402
Honda,Civic,2019,20742,32558
Chrysler,Pacifica,2019,27995,29961
Honda,Civic,2019,20299,21131
Ford,Fusion,2014,8999,114812
Mercedes-Benz,GLS,2017,38995,90112
Chevrolet,Equinox,2019,19500,25038
Nissan,Rogue,2020,30488,13216
Chevrolet,Equinox,2019,22000,33902
Ford,Edge,2019,30888,29003
Toyota,Highlander,2018,30000,61429
Hyundai,Venue,2020,21388,4953
Nissan,Kicks,2018,19998,13325
BMW,X5,2018,30256,86000
Lexus,GX,2018,36000,50569
Mercedes-Benz,C-Class,2018,24981,65836
Toyota,Highlander,2019,35500,32702
Nissan,Sentra,2020,22998,14081
Hyundai,Sonata,2014,10999,92509
Chevrolet,Traverse,2019,18999,73994
Mercedes-Benz,Sprinter Cargo Van,2016,39117,69280
Chevrolet,Trax,2016,7999,161640
Toyota,RAV4,2021,27997,43895
Jeep,Grand Cherokee,2020,37995,24625
Honda,CR-V,2019,27495,25161
Chevrolet,Silverado 1500,2021,47500,19243
Toyota,Highlander,2021,42997,19271
Volvo,XC60,2021,42590,17253
Jeep,Wrangler,2018,34995,61629
Toyota,RAV4,2020,24797,60714
Nissan,Rogue Sport,2019,20295,45395
Volvo,XC60,2022,55900,102
Audi,Q5,2019,31628,52850
Nissan,Murano,2020,29044,8567
Subaru,Ascent,2019,33288,23023
Nissan,Sentra,2018,14998,64108
Jeep,Grand Cherokee,2015,18999,84622
BMW,5 Series,2019,33500,32429
Mercedes-Benz,GLS,2019,56900,36046
Mercedes-Benz,GLC,2019,49900,12571
Nissan,Rogue,2019,23998,38254
Subaru,Ascent,2020,32388,14136
Audi,A5,2018,31999,48635
Chevrolet,Equinox,2018,22500,10067
Dodge,Durango,2019,33995,36347
Honda,Odyssey,2020,35945,21556
Porsche,Taycan,2020,182500,3759
Audi,Q7,2019,45110,20202
Nissan,Murano,2019,25198,19175
Honda,CR-V,2014,14995,88336
Toyota,Camry,2018,17091,110000
Jeep,Grand Cherokee WK,2021,34197,45608
Bentley,Bentayga,2022,299500,986
Mazda,CX-3,2019,18995,40995
Ram,1500,2012,11995,135964
Honda,CR-V,2019,28041,35562
Jeep,Liberty,2012,8000,130000
Mazda,CX-5,2019,26998,19888
Jeep,Grand Cherokee,2018,25995,73445
Honda,Odyssey,2016,17942,94891
Toyota,Camry,2010,4995,77928
Chevrolet,Traverse,2019,32000,37845
Mercedes-Benz,C-Class,2018,24995,29256
Mercedes-Benz,S-Class,2008,9995,126149
Honda,Odyssey,2020,35996,14589
Ford,Fusion,2018,14499,76438
Nissan,Rogue,2021,31875,6302
Nissan,Altima,2020,19995,62207
Lamborghini,Urus,2022,329995,1519
Ford,Ranger,2019,31995,41293
Alfa,Romeo Stelvio,2022,81995,1797
Ford,Edge,2019,21942,66970
Nissan,Maxima,2020,22942,51371
Volkswagen,Passat,2015,16995,37816
Audi,Q3,2021,38478,13881
Toyota,Corolla,2020,17837,50673
Audi,Q5,2014,15812,94782
Ford,Econoline Cargo Van,2013,16199,100318
Nissan,Rogue,2019,27995,29270
Lexus,CT,2015,22995,52545
Porsche,911,2017,108800,27718
Ford,F-150,2019,38995,49455
Audi,Q5,2019,34747,25
Chrysler,Voyager,2021,24397,50173
Mercedes-Benz,R-Class,2008,4999,197800
Kia,Sorento,2016,14598,108544
Mercedes-Benz,M-Class,2015,24885,51362
Toyota,Corolla,2013,12542,78894
Lexus,ES,2022,44469,554
Honda,Pilot,2019,29998,85989
Land,Rover Range Rover,2018,63995,72989
Chevrolet,Equinox,2020,28500,8076
Nissan,Rogue,2020,28728,12980
Lincoln,Nautilus,2020,39949,19591
Porsche,911,2022,299500,281
Mercedes-Benz,G-Class,2018,99995,54475
Audi,A4,2014,8995,115538
Subaru,Forester,2021,27248,3196
Ford,Fusion,2020,20295,60570
Subaru,Outback,2019,30488,37675
Jeep,Wrangler,2014,20995,92530
Nissan,Sentra,2019,14990,61774
Honda,Odyssey,2011,9995,151106
Jeep,Compass,2020,24597,42427
Audi,S3,2020,42564,10430
Toyota,Highlander,2019,35000,38531
Ford,Explorer,2019,31995,28309
Mercedes-Benz,SL,2003,21999,21725
Nissan,Rogue Sport,2019,21889,35383
Acura,MDX,2019,40998,26043
Honda,Pilot,2020,27261,97508
Mercedes-Benz,GL,2014,19425,107471
Toyota,RAV4,2019,26875,24274
Audi,Q5,2021,43415,11033
Nissan,Frontier,2019,25897,53510
Nissan,Rogue,2016,16500,67041
Hyundai,Kona,2020,19995,6294
Lincoln,MKZ,2019,21995,104449
Audi,Q5,2019,32886,40646
Ford,Super Duty F-250,2013,32995,87238
Dodge,Ram 2500,2006,13199,118636
Jeep,Cherokee,2019,24777,29615
BMW,X3,2007,6059,125359
INFINITI,QX60,2016,21994,45378
Mazda,CX-5,2019,25542,36127
Nissan,Rogue,2018,26588,33060
Rolls-Royce,Phantom,2018,449500,5593
INFINITI,Q50,2018,30942,7613
Ford,Edge,2022,42754,7338
Porsche,Cayenne,2019,83500,24036
Jeep,Grand Cherokee,2019,32495,27537
Jeep,Wrangler,2016,34588,29642
Ford,Explorer,2020,36695,17793
Volkswagen,Tiguan,2018,23869,31550
Volkswagen,Atlas,2018,24295,85693
MINI,Countryman,2019,31995,18232
Ford,Focus,2014,7999,80036
Mercedes-Benz,Metris Cargo Van,2016,18950,125827
BMW,X3,2019,28995,65750
Kia,Sportage,2020,26000,19260
Toyota,Corolla,2020,19990,43396
Mercedes-Benz,GLE,2020,43888,52178
Ford,Transit Connect Van,2018,17099,107092
smart,fortwo,2014,6995,84129
Chevrolet,Traverse,2015,7799,126524
Honda,CR-V,2019,29712,25913
Ram,1500,2011,13995,142376
Nissan,Rogue,2016,13159,89000
Dodge,Durango,2018,29495,49718
Acura,RDX,2011,7999,166195
Honda,Odyssey,2015,14995,115418
Mercedes-Benz,C-Class,2016,24998,41003
Volvo,XC60,2020,41400,35038
Audi,S3,2020,26830,104600
Nissan,Rogue,2011,6499,128725
Mercedes-Benz,E-Class,2018,32000,42169
Ram,1500,2014,16999,110100
Ford,Edge,2020,22942,53306
Mercedes-Benz,GLS,2019,59193,30620
Jeep,Grand Cherokee,2019,28988,45530
Jeep,Grand Cherokee,2019,36400,16400
Audi,Q5,2018,30900,48361
Lexus,GS,2019,39869,16492
Mercedes-Benz,S-Class,2018,58995,26287
Cadillac,Escalade,2003,5999,150252
Subaru,Forester,2015,17588,67304
Ford,Edge,2019,28998,20024
Toyota,4Runner,2021,34597,43883
Honda,Odyssey,2014,12995,113008
Ford,Transit Connect Van,2011,8450,142530
Chevrolet,Camaro,2015,13700,98000
Honda,Civic,2012,10488,89000
Lexus,NX,2015,24869,31297
Toyota,Camry,2007,3840,210000
Mazda,CX-5,2020,28998,13218
Porsche,718 Boxster,2019,83995,10098
Dodge,Grand Caravan,2012,6495,104716
Ram,ProMaster Cargo Van,2019,35998,76012
Ford,Explorer,2016,22995,91392
Nissan,Rogue Sport,2019,22288,21047
Mercedes-Benz,GLC,2019,31500,42126
Mercedes-Benz,C-Class,2021,39842,11380
Lamborghini,Urus,2020,247500,42316
Toyota,C-HR,2021,26889,9332
Nissan,Pathfinder,2019,31788,27040
Toyota,Corolla,2021,19495,14539
GMC,Sierra 1500,2019,40000,40842
Ford,EcoSport,2021,24499,17420
Audi,SQ5,2018,36969,42011
Jeep,Grand Cherokee,2020,35500,32000
Chrysler,Town & Country,2013,8950,95152
Porsche,Cayenne,2021,127995,3474
Lexus,RX,2005,7750,152326
Acura,TLX,2020,25995,13768
Ford,Explorer,2019,31995,31822
Jeep,Grand Cherokee,2016,37995,104778
Ford,Fusion,2013,7995,136199
GMC,Sierra 1500,2021,43500,16822
Nissan,Sentra,2018,9995,104611
Ford,F-150,2020,41495,27357
Audi,Q5,2021,43646,9187
Ford,EcoSport,2020,18597,59015
Jeep,Cherokee,2019,25995,26249
Ford,Explorer,2017,19995,85285
Toyota,Corolla,2021,24000,3476
Toyota,Camry,2014,8950,165841
Nissan,Rogue,2019,20995,51487
Chevrolet,Silverado 1500,2021,44500,7510
Nissan,Altima,2013,7900,120426
BMW,X5,2019,42995,36085
Mercedes-Benz,M-Class,2011,9539,145000
Toyota,Corolla,2021,23097,41814
INFINITI,QX50,2019,30981,41350
Mercedes-Benz,C-Class,2018,21995,58469
Volkswagen,Tiguan,2014,8995,125418
Mercedes-Benz,M-Class,2015,21981,74828
Chevrolet,Express Cargo Van,2011,10699,173922
Land,Rover LR4,2012,13950,132612
Jeep,Grand Cherokee,2018,24995,84911
Chevrolet,Blazer,2019,29500,42483
Mercedes-Benz,C-Class,2021,40518,4734
Toyota,RAV4,2020,25495,45875
Chevrolet,Equinox,2019,22795,26118
Toyota,Tacoma,2020,35397,46336
Nissan,Rogue,2017,18500,31935
Lincoln,MKC,2017,20995,51410
BMW,3 Series,2014,12999,91311
Honda,CR-V,2019,30795,30834
Mercedes-Benz,C-Class,2019,31995,16086
Chevrolet,Trax,2019,14500,102639
Mazda,CX-5,2020,29788,7137
Mercedes-Benz,S-Class,2019,87945,54022
Jeep,Grand Cherokee WK,2021,34197,46093
Lamborghini,Urus,2021,305995,3045
Audi,Q5,2019,36150,26275
Nissan,Rogue,2018,18312,46393
Ford,Fusion,2017,14495,92247
BMW,3 Series,2019,27995,58285
Ford,Explorer,2019,31995,25587
Toyota,Corolla,2018,12700,122548
Nissan,Altima,2015,13069,68612
BMW,M3,2018,65999,27348
Nissan,Rogue,2018,17995,101806
Chevrolet,Equinox,2018,24000,5991
Nissan,Rogue,2020,19299,50851
Hyundai,Elantra,2020,16495,55554
Toyota,Corolla,2020,24995,24103
Chevrolet,Equinox,2019,15995,89191
Scion,tC,2011,8999,97413
Audi,Q7,2019,43825,31756
Land,Rover Range Rover Evoque,2020,39999,32482
Nissan,Rogue,2020,29041,12115
Mercedes-Benz,C-Class,2019,27385,55791
Ford,Edge,2019,29395,12399
Mercedes-Benz,C-Class,2017,19995,71126
Nissan,Sentra,2019,15450,44358
Volvo,XC40,2020,35900,23707
Mercedes-Benz,C-Class,2021,39919,10006
Honda,Accord,2012,10995,136612
Nissan,Pathfinder,2020,33998,23639
Nissan,Rogue,2017,16542,72753
Ford,Fusion,2016,11998,80328
Kia,Sportage,2020,20942,72887
Toyota,Camry,2021,26997,41435
BMW,X5,2016,22995,78508
Honda,HR-V,2016,19995,61641
Honda,CR-V,2019,28145,32937
Aston,Martin DB11,2019,165500,29067
INFINITI,QX50,2017,20985,71018
Ford,Escape,2019,22985,35983
Nissan,Sentra,2019,17995,58377
Nissan,Rogue,2019,15496,50146
Chevrolet,Traverse,2018,29000,79259
Subaru,Ascent,2020,32999,21880
Ford,Edge,2019,29495,11842
Volvo,XC90,2019,42770,18206
Nissan,Rogue,2020,28152,11671
Mercedes-Benz,GLS,2019,53861,27227
Nissan,Rogue,2019,24995,17146
Ford,Fusion,2018,18995,31605
Acura,MDX,2019,28991,90818
Volvo,XC60,2022,57700,104
BMW,X5,2019,44777,33849
Honda,Odyssey,2014,12995,116804
Mercedes-Benz,GLB,2021,39953,13087
Volvo,XC90,2020,46990,16995
Ford,Fusion,2018,14900,76330
Nissan,Rogue,2018,23995,33982
Audi,Q7,2015,21995,96233
Porsche,Macan,2021,60995,6367
Honda,Civic,2019,17999,63989
Kia,Optima,2019,17495,29800
Kia,Optima,2013,9442,129580
Kia,Forte,2021,21998,22589
Ford,Econoline Cargo Van,2014,11499,287487
Hyundai,Santa Fe,2020,32500,12926
BMW,4 Series,2015,20995,79396
Dodge,Challenger,2017,21995,107737
Ford,Econoline Cargo Van,2012,14199,137189
Toyota,Corolla,2020,21775,44582
Ford,Fusion,2016,10495,105190
Chevrolet,Malibu,2020,17795,59249
Mazda,Mazda6,2019,20995,27380
Nissan,Altima,2020,24242,8583
Honda,CR-V,2019,28050,35428
Honda,HR-V,2016,18588,100699
Ford,Explorer,2015,12599,128094
Mercedes-Benz,C-Class,2021,39871,9885
Toyota,Corolla,2020,17995,47719
Chevrolet,Equinox,2019,24900,27829
Honda,Civic,2018,15995,75126
BMW,5 Series,2019,31795,52500
Ford,Edge,2019,27495,31534
Ford,F-150,2010,9999,177636
Audi,A4,2021,39857,11744
Honda,CR-V,2019,30995,23544
Chevrolet,Equinox,2018,17595,70426
Volkswagen,Tiguan,2013,10999,89899
Mercedes-Benz,GLE,2020,60472,18717
Mercedes-Benz,C-Class,2021,39842,11064
BMW,4 Series,2019,23995,69262
Lexus,NX,2019,28293,35234
Mazda,CX-5,2019,27195,39321
Mercedes-Benz,GLB,2021,39910,12883
Toyota,Camry,2018,21995,53884
Toyota,4Runner,2020,33197,54127
Chevrolet,Equinox,2019,22500,7840
GMC,Terrain,2020,24997,50134
Mercedes-Benz,GLE,2020,54828,22828
Ford,Explorer,2019,19900,140834
Honda,CR-V,2019,26990,49418
Nissan,Altima,2019,19900,48197
Nissan,Rogue,2019,23295,26958
Lincoln,MKX,2012,12995,73987
Nissan,Altima,2019,24588,25429
Hyundai,Sonata,2013,9995,96635
Lexus,GX,2019,40995,35204
Ford,Expedition,2017,14995,158824
Ram,1500 Classic,2019,25995,41290
Honda,Civic,2019,19895,20050
Honda,Accord,2014,14995,101233
Hyundai,Santa Fe Sport,2017,18898,64791
Mercedes-Benz,G-Class,2018,115900,36728
Honda,Odyssey,2016,17898,109302
Nissan,Pathfinder,2017,13995,123029
Honda,Pilot,2016,24255,77585
BMW,X5,2017,25995,75011
Volvo,XC90,2019,44990,15142
Mercedes-Benz,C-Class,2021,39930,14233
Honda,CR-V,2019,25990,49332
Jeep,Patriot,2014,9499,91154
Mercedes-Benz,GLC,2021,49773,15946
Dodge,Charger,2019,21995,59680
Ford,Fusion,2016,11999,82547
Mercedes-Benz,C-Class,2021,39949,12260
Jeep,Grand Cherokee,2014,16499,103404
Cadillac,XT5,2019,34900,21944
Nissan,Sentra,2015,8900,94989
Ford,Explorer,2020,37995,17637
Honda,Accord,2018,25419,39888
Jeep,Compass,2020,23397,53548
Ford,Econoline Cargo Van,2014,16295,189572
Mazda,CX-5,2019,26394,16865
Mitsubishi,Outlander Sport,2021,20998,13707
Ford,Explorer,2019,31995,30430
Mercedes-Benz,GLE,2020,45995,34057
INFINITI,QX60,2014,18995,79202
Audi,A4,2021,39394,12023
Nissan,Altima,2020,24099,12645
Honda,Accord,2017,12995,160747
Ford,Econoline Cargo Van,2012,10499,215715
Jeep,Compass,2016,13942,77294
Mazda,CX-5,2021,24197,43449
Ford,Explorer,2019,31995,28505
Kia,Optima,2019,15999,44794
Jeep,Cherokee,2019,24449,47411
Mercedes-Benz,C-Class,2021,39949,10544
GMC,Sierra 1500,2017,29000,51549
Nissan,Rogue,2019,24895,41219
Nissan,Maxima,2011,5995,108634
Jeep,Grand Cherokee,2019,32995,14922
Mercedes-Benz,C-Class,2021,39942,11663
Toyota,Highlander,2019,33994,30901
Mercedes-Benz,GLA,2020,38981,19427
BMW,3 Series,2018,21495,47571
Toyota,Corolla,2017,17998,43342
Chevrolet,Silverado 1500,2018,35000,36901
Mercedes-Benz,Sprinter Cargo Van,2012,15000,308162
INFINITI,QX60,2018,22915,66524
Mercedes-Benz,S-Class,2022,116484,9671
Dodge,Grand Caravan,2019,21895,64962
Mercedes-Benz,GLC,2020,39640,37684
Mercedes-Benz,GLB,2021,39769,13149
Nissan,Rogue,2017,20945,23212
Volvo,XC60,2022,46290,11517
Chevrolet,Traverse,2021,33500,10089
Ford,Edge,2022,41995,3527
Nissan,Pathfinder,2014,12459,127005
Nissan,Rogue,2020,23697,41552
Audi,Q5,2021,44976,12639
Mercedes-Benz,C-Class,2021,39923,11979
Chrysler,Pacifica,2020,26697,61950
Ford,Edge,2021,43997,5282
Jeep,Grand Cherokee,2015,15995,118998
Jeep,Grand Cherokee,2019,30495,43606
Mercedes-Benz,E-Class,2019,38495,43472
INFINITI,QX60,2019,24495,73448
BMW,5 Series,2019,31370,70688
Mitsubishi,Mirage,2020,14942,16667
Ford,Edge,2019,28995,17785
Ford,Escape,2019,22203,43064
Nissan,Rogue,2020,26889,13624
Audi,Q8,2019,57822,32699
Mercedes-Benz,GLB,2021,39956,12313
Kia,Sportage,2021,24197,45463
Kia,Sportage,2019,18990,44513
Honda,Civic,2017,17495,84247
Honda,Ridgeline,2013,11499,140290
Nissan,Sentra,2019,15995,26817
Nissan,Sentra,2018,13495,30722
Chrysler,Aspen,2008,4300,112000
Land,Rover LR2,2014,11995,107866
Toyota,Highlander,2010,10995,154588
Mercedes-Benz,C-Class,2021,39820,12317
Jeep,Grand Cherokee,2019,30995,36820
Honda,CR-V,2021,32500,8958
Kia,Optima,2015,14542,60162
Toyota,RAV4,2019,31775,25182
Ford,Explorer,2020,36995,22954
Toyota,Corolla,2011,7999,122111
Chevrolet,Traverse,2020,34500,25313
BMW,X1,2018,23995,38819
Nissan,Murano,2019,24795,30853
Lamborghini,Huracan,2015,245995,14238
Nissan,Altima,2020,19399,49921
Nissan,Sentra,2018,15995,61906
Nissan,Rogue,2018,19258,29841
Lexus,GX,2019,41990,40102
Mercedes-Benz,C-Class,2021,39983,9347
Nissan,Altima,2020,21795,41194
Audi,A5,2021,44259,10731
Hyundai,Sonata,2015,9995,120408
Toyota,Corolla,2020,20995,41952
Ford,Fusion,2013,8499,83348
Lexus,RX,2004,5995,192413
Nissan,Rogue,2020,28517,12481
Chevrolet,Tahoe,2019,37925,71490
Volkswagen,Atlas Cross Sport,2021,40000,7301
INFINITI,Q50,2018,23976,42470
Mazda,Mazda3,2018,19488,13093
Chrysler,Town & Country,2016,20995,25527
INFINITI,QX80,2017,35000,61756
Ford,Ranger,2019,33500,29023
Chevrolet,Traverse,2019,31500,60553
Dodge,Charger,2020,23995,50387
Lincoln,MKS,2015,10995,127449
Acura,TLX,2020,26536,28762
Nissan,Rogue,2013,12995,55887
Nissan,Altima,2019,13900,164174
Ford,Expedition,2010,7995,134121
Jeep,Cherokee,2019,22576,69581
Nissan,Murano,2020,34000,6939
Mercedes-Benz,GLE,2016,22888,97887
Nissan,Maxima,2011,6720,118900
Jeep,Grand Cherokee,2014,12955,134652
Ford,Expedition,2017,21998,114210
Mercedes-Benz,GLC,2021,63832,10799
Nissan,Altima,2021,28998,6529
Ford,Escape,2019,23457,18374
Porsche,911,2021,259995,4341
BMW,X3,2012,9999,143488
Porsche,Macan,2018,45995,35563
Mercedes-Benz,GLC,2018,61588,14241
Jeep,Cherokee,2019,24995,36119
Lexus,RX,2020,35326,21291
Mazda,CX-3,2019,22488,9597
Hyundai,Elantra,2020,18497,57486
Jeep,Compass,2018,17995,55136
Nissan,Murano,2021,30998,4058
Toyota,RAV4,2017,19400,94371
Honda,Odyssey,2016,16995,119655
Audi,Q7,2019,39845,45740
Ford,F-150,2020,40000,24207
Ford,F-150,2015,19999,150413
Mercedes-Benz,E-Class,2017,30995,31779
Kia,Optima,2020,17250,63218
Audi,SQ5,2018,37000,43749
Toyota,RAV4,2021,28995,15136
Ford,Super Duty F-350,2016,44445,125634
Hyundai,Tucson,2019,23495,36646
Ford,Escape,2019,20795,43554
Nissan,Rogue,2021,30297,47496
Cadillac,XT5,2019,36900,10011
Jeep,Wrangler,2018,29942,61067
Ram,1500,2014,13299,120520
Ford,Explorer,2019,29830,30992
Nissan,Rogue,2018,16900,33670
Ford,Escape,2017,13695,111205
Ford,Edge,2020,26769,29759
Chevrolet,Traverse,2019,33500,28950
Chrysler,300,2021,30897,41449
Audi,Q5,2021,44530,18019
Jeep,Compass,2019,19990,57787
INFINITI,EX35,2008,10990,108405
BMW,X6 M,2012,22995,79728
Jeep,Wrangler,2015,25777,59123
Chrysler,200,2015,5358,139000
Mercedes-Benz,Metris Passenger Van,2018,24500,79170
Nissan,Altima,2015,8995,58062
Mercedes-Benz,C-Class,2021,44247,22789
Ram,1500,2020,41995,32901
Nissan,Altima,2020,18777,50738
GMC,Terrain,2016,9799,119358
Nissan,Rogue Sport,2019,17704,31958
Toyota,4Runner,2022,37597,49696
Toyota,C-HR,2019,21495,53253
Mercedes-Benz,C-Class,2018,25999,39057
Honda,CR-V,2019,26995,36359
Chevrolet,Equinox,2019,19699,42484
Ford,Edge,2019,29995,34100
Toyota,Corolla,2020,18900,46348
Ford,Econoline Cargo Van,2014,18595,147554
Honda,Civic,2015,14675,95416
Lexus,RX,2019,38645,44922
Chevrolet,Silverado 1500,2019,35000,31197
Toyota,Camry,2018,27995,36683
Audi,A4,2014,15495,56446
Chrysler,300,2017,21995,46592
Hyundai,Accent,2019,9999,136255
Hyundai,Sonata,2019,24895,27845
Audi,A4,2019,31890,36881
Volkswagen,Jetta,2020,19797,40468
Audi,Q3,2021,39685,9469
Lamborghini,Urus,2019,245995,17554
BMW,X5,2018,24990,89274
BMW,X2,2019,27995,34033
Chevrolet,Tahoe,2019,40758,60996
Jeep,Cherokee,2019,23695,43275
BMW,8 Series,2021,71995,22290
Subaru,Crosstrek,2019,27500,17325
Toyota,Corolla,2020,15999,33285
Audi,Q7,2018,37237,60163
Chevrolet,Silverado 1500,2015,25542,65738
Jeep,Patriot,2014,6499,141367
Honda,Odyssey,2010,7000,175918
Ram,1500,2017,25542,65320
Toyota,Highlander,2019,32675,22859
Ram,1500 Classic,2019,30500,28648
Jeep,Grand Cherokee,2019,29995,38578
Mercedes-Benz,C-Class,2021,39949,7492
Toyota,Camry,2019,19250,94661
GMC,Canyon,2015,21995,100161
Mercedes-Benz,A-Class,2019,34900,16710
Hyundai,Kona,2020,20297,55831
Ford,Explorer,2018,25000,74185
Ford,Econoline Cargo Van,2013,13799,186948
Porsche,911,2019,168995,6642
Mercedes-Benz,GLE,2020,47995,29993
Jeep,Cherokee,2015,15995,90446
Honda,Civic,2015,12859,98000
Dodge,Charger,2019,19999,32204
Nissan,Altima,2006,3942,143017
Ford,Explorer,2017,16895,122901
Honda,Civic,2019,19995,23677
Dodge,Grand Caravan,2020,18775,77062
Kia,Sportage,2019,19294,24310
BMW,3 Series,2014,11404,127000
BMW,X3,2019,33495,30302
Mercedes-Benz,GLA,2021,49900,1440
Ford,F-150,2021,63995,6750
Toyota,Camry,2017,19588,55007
Toyota,RAV4,2016,24995,42483
Chevrolet,Equinox,2019,19723,44989
Nissan,Altima,2019,16995,73479
Ford,Edge,2019,29295,15819
Mercedes-Benz,M-Class,2010,9950,128429
Toyota,RAV4,2019,22126,40981
Nissan,Altima,2020,18990,42747
Ram,1500,2014,16799,139906
Mercedes-Benz,GLC,2018,42000,35456
Lincoln,Aviator,2020,43995,67597
INFINITI,QX50,2019,31400,44896
Mercedes-Benz,GLC,2019,35452,32080
Nissan,Altima,2018,14490,61944
Chevrolet,Equinox,2019,24540,38828
BMW,3 Series,2018,20979,31039
Kia,Sportage,2021,23097,43786
Subaru,XV Crosstrek,2013,10199,106266
Nissan,Rogue,2019,25886,28523
Mercedes-Benz,C-Class,2021,40001,11020
Nissan,Rogue,2019,18990,49868
Dodge,Grand Caravan,2020,24597,49136
Mercedes-Benz,S-Class,2022,129900,3416
BMW,3 Series,2018,20450,47858
Ford,Fusion,2018,15995,74042
Dodge,Durango,2017,26995,88908
Ram,1500,2014,13995,131143
Mercedes-Benz,GLS,2021,91689,1398
Hyundai,Tucson,2020,21995,39131
BMW,5 Series,2014,17495,91400
Ford,Bronco Sport,2021,35000,4049
BMW,X5,2018,32995,43872
Volvo,S60,2002,2950,256436
Volvo,XC90,2019,44880,18645
Lexus,LX,2017,62999,39500
Honda,CR-V,2012,13942,111799
INFINITI,QX60,2017,21500,89661
Jeep,Cherokee,2019,27995,19024
Ford,Edge,2019,22880,26774
Lexus,RX,2019,38495,23585
Ford,Explorer,2016,14995,107120
Buick,Enclave,2015,12599,123091
Mercedes-Benz,M-Class,2011,13995,93091
Toyota,Yaris,2008,4000,180000
Ford,Super Duty F-250,2019,57998,41239
Toyota,Camry,2017,14300,68917
Toyota,Camry,2021,27058,9628
Jeep,Grand Cherokee,2018,27990,32091
Kia,Soul,2018,16542,33825
Nissan,Altima,2020,20995,61907
Jeep,Grand Cherokee,2014,15785,118626
Ford,Super Duty F-350,2019,61725,77736
Mercedes-Benz,GLS,2019,43988,45873
Cadillac,XT5,2019,33900,38052
Audi,A4,2019,30500,33059
Honda,CR-V,2019,27995,28673
Ford,Edge,2013,8699,152040
GMC,Savana Cargo Van,2010,9199,214371
Audi,Q5,2019,33000,36135
Volkswagen,Tiguan,2019,29995,29021
BMW,3 Series,2018,26495,30198
Nissan,Rogue,2019,26998,26839
Chrysler,Town & Country,2014,6995,166798
Lexus,RX,2019,42994,41935
Nissan,Rogue,2020,15995,58886
Porsche,Taycan,2021,126995,8422
Volvo,XC40,2019,36995,17880
Ford,EcoSport,2020,21995,8301
Jeep,Grand Cherokee,2019,29495,62537
Chevrolet,Blazer,2019,36500,17904
Ram,1500,2019,33950,64638
Volvo,XC90,2014,10495,136401
Kia,Rio,2018,14542,30752
Nissan,Rogue,2015,8995,167187
Nissan,Rogue,2019,18450,55222
Mercedes-Benz,C-Class,2021,39947,13062
Ford,Fiesta,2015,6499,97444
Jeep,Grand Cherokee,2018,26990,36529
INFINITI,QX60,2019,30999,52416
Ford,F-150,2013,16742,139937
Mitsubishi,Outlander Sport,2020,19897,46264
Hyundai,Elantra,2017,11109,92540
Kia,Sorento,2012,11495,109800
Honda,CR-V,2013,15395,111344
Honda,Accord,2018,23295,38768
Nissan,Rogue,2020,29306,8644
Volkswagen,Jetta,2019,16900,89104
Ford,Escape,2018,21995,55053
Lexus,RX,2011,14899,103396
INFINITI,QX60,2016,11999,165555
Jeep,Patriot,2015,8299,112973
Dodge,Journey,2017,11798,92195
Mercedes-Benz,S-Class,2021,121110,57
Mercedes-Benz,C-Class,2016,19777,72106
Honda,Civic,2017,14500,73000
Nissan,Pathfinder,2015,10199,138418
BMW,4 Series,2018,29995,32497
Toyota,Corolla,2010,7999,116221
BMW,3 Series,2018,23995,49021
Volvo,XC90,2020,48700,20913
Ford,Escape,2013,8995,122799
Ford,Explorer,2019,32995,25739
BMW,5 Series,2015,17981,81384
Acura,MDX,2020,41000,23069
Toyota,RAV4,2020,29997,43337
Mazda,Mazda3,2009,8250,148560
Nissan,Pathfinder,2019,23895,40749
Mercedes-Benz,CLA,2018,24495,38464
Chevrolet,Malibu,2016,20000,13866
Dodge,Durango,2018,29995,58884
Mercedes-Benz,S-Class,2022,119849,3585
Chevrolet,Traverse,2019,26993,65197
Mercedes-Benz,C-Class,2021,39889,9787
Toyota,RAV4,2019,30495,26724
Toyota,Camry,2021,25497,41918
Ford,Econoline Cargo Van,2010,10499,166244
Honda,Pilot,2019,32999,43139
Honda,Accord,2018,19566,149534
Toyota,Camry,2019,22990,33066
Chevrolet,Trailblazer,2006,4495,126986
Ford,Explorer,2018,32995,22775
Mazda,CX-5,2019,28995,24330
Ford,Explorer,2019,29540,41526
Honda,CR-V,2019,26199,25251
Nissan,Pathfinder,2014,16995,52427
Mazda,CX-5,2020,28588,18739
Audi,Q5,2019,29900,33587
Mercedes-Benz,C-Class,2018,23495,62739
Toyota,RAV4,2019,28695,40904
Volkswagen,Tiguan,2019,19899,113188
Volvo,XC60,2019,36401,20192
Jeep,Cherokee,2019,28000,55642
Chevrolet,Traverse,2020,33500,29326
Chevrolet,Traverse,2020,33500,29326
Ford,F-150,2020,38995,18669
GMC,Acadia,2019,19995,92325
Audi,A4,2021,38886,12587
Toyota,RAV4,2019,32764,5760
Ford,Escape,2008,3999,140168
BMW,3 Series,2015,19695,81137
Toyota,Tacoma,2020,35297,47059
Toyota,Highlander,2016,16995,106658
Honda,Accord,2020,23995,47212
Honda,Accord,2020,24995,63023
Volkswagen,Atlas,2021,47997,5341
Mercedes-Benz,GLB,2021,39947,13177
Toyota,Camry,2017,17998,90400
Kia,Optima,2018,18995,35414
Mazda,CX-5,2021,24697,41188
Porsche,Cayenne,2019,68995,28468
Toyota,Corolla,2016,15179,69269
Chevrolet,Malibu,2019,20000,31337
Jeep,Compass,2018,18995,40377
Mercedes-Benz,E-Class,2017,22995,69031
Honda,Accord,2019,22490,33979
Volkswagen,Passat,2016,16742,67947
Ford,Escape,2019,22999,39956
Mercedes-Benz,C-Class,2021,39903,13308
Toyota,RAV4,2008,6995,122353
BMW,X6,2014,23995,62705
Bentley,Flying Spur,2020,249000,4019
Mercedes-Benz,GLA,2020,32500,19298
Honda,Civic,2019,20610,34348
BMW,5 Series,2018,23995,56615
Honda,Civic,2012,11885,126271
Toyota,Camry,2022,31942,73
Mercedes-Benz,C-Class,2019,34900,23192
BMW,X3,2018,23899,95000
Kia,Sorento,2017,9977,134384
Jeep,Compass,2019,22995,32574
Hyundai,Sonata,2021,21985,22877
Lexus,NX,2019,30739,37553
Nissan,Altima,2013,6999,153730
Chevrolet,Traverse,2020,28000,53000
Ford,Escape,2019,22495,30893
Dodge,Journey,2016,10799,102086
MINI,Hardtop,2019,25998,35505
Ford,Expedition,2018,42995,68109
Honda,CR-V,2019,25991,36729
Lincoln,MKC,2019,30900,23027
Honda,Accord,2010,7885,139998
Volkswagen,Atlas,2018,32995,22075
Ford,Econoline Cargo Van,2012,11699,204860
Mercedes-Benz,S-Class,2022,117384,5716
Jeep,Cherokee,2019,26495,27596
Subaru,Crosstrek,2019,26588,20024
Nissan,Sentra,2019,16450,26241
Nissan,Murano,2019,31500,12000
BMW,8 Series,2020,71995,3647
Jeep,Grand Cherokee,2019,32995,40526
Honda,CR-V,2019,33516,1273
Nissan,Rogue Sport,2019,24000,40391
Mercedes-Benz,C-Class,2021,39974,9927
Nissan,Rogue Sport,2019,24000,40391
Lexus,ES,2020,39469,13381
Ram,1500,2016,27742,99228
Porsche,Panamera,2018,82995,36831
Ford,F-150,2020,48998,20317
Chevrolet,Blazer,2019,32000,28855
Ford,Fusion,2017,16499,41788
BMW,7 Series,2019,52004,41930
Kia,Sorento,2019,24895,31510
Honda,CR-V,2014,17295,98853
Honda,Pilot,2017,24469,56137
Volkswagen,Jetta,2019,15990,55603
Land,Rover Range Rover Sport,2016,48800,47608
Dodge,Challenger,2021,53000,1474
BMW,4 Series,2019,29995,31710
Mercedes-Benz,E-Class,2017,24995,78018
Ford,F-150,2020,40999,23656
Toyota,Tacoma,2017,29695,88139
Mercedes-Benz,E-Class,2019,36900,36831
Ford,Edge,2018,20995,35214
Honda,CR-V,2019,31133,21626
Jeep,Cherokee,2020,21190,71721
Audi,Q3,2021,38677,7162
Hyundai,Elantra,2019,15191,66000
Nissan,Altima,2018,17981,58904
Nissan,Rogue,2019,24495,35740
Ford,Escape,2019,24631,11178
Land,Rover Range Rover Sport,2016,31745,85389
Mercedes-Benz,GLB,2021,40954,14066
GMC,Acadia,2017,18999,120510
BMW,X3,2019,28995,60264
Nissan,Altima,2020,21994,50408
BMW,X1,2018,19944,74558
Honda,HR-V,2022,28995,488
Mercedes-Benz,S-Class,2019,61775,21808
Audi,Q5,2016,20995,83326
Jeep,Grand Cherokee,2018,31998,33483
Lexus,GX,2020,47069,40021
Audi,Q3,2020,36500,18257
BMW,X6,2013,18995,116729
Nissan,Pathfinder,2018,21000,34084
Porsche,Cayenne,2009,10495,106316
Nissan,Pathfinder,2019,25595,31685
Nissan,Rogue,2020,29163,10528
Hyundai,Sonata,2019,15999,35868
Dodge,Charger,2021,37000,21344
Mercedes-Benz,GLE,2020,47498,48160
Ford,Expedition,2006,3995,131899
Mercedes-Benz,C-Class,2018,27895,40297
Chevrolet,Equinox,2019,12900,169591
INFINITI,QX50,2019,22958,93901
BMW,X1,2018,18990,83628
Honda,CR-V,2019,28681,35830
Chevrolet,Equinox,2020,24777,22224
Jeep,Grand Cherokee,2019,32350,33069
Toyota,Corolla,2019,19999,43979
Toyota,RAV4,2020,36995,30917
Ford,F-150,2016,24995,80296
Nissan,Armada,2014,12599,124224
Volkswagen,Tiguan,2019,28995,45169
Ford,Explorer,2018,25998,84020
Nissan,Rogue,2018,17998,53672
Ford,Taurus,2011,5499,189772
Hyundai,Elantra,2017,12325,67951
Ford,Explorer,2021,40781,7948
Honda,CR-V,2019,30787,16925
Nissan,Rogue,2020,28936,13419
Toyota,Highlander,2002,3999,159011
Lexus,NX,2019,29605,37401
Volvo,XC90,2004,5995,100401
Honda,CR-V,2019,27599,41153
Mitsubishi,Outlander Sport,2021,21097,41612
GMC,Terrain,2019,24812,30810
GMC,Acadia,2016,13995,117036
Kia,Optima,2015,10795,97041
Mercedes-Benz,S-Class,2019,59995,46985
Kia,Forte,2010,3995,96130
Chevrolet,Equinox,2019,12900,146484
Nissan,Altima,2014,9999,85462
Toyota,RAV4,2019,28887,25783
Mercedes-Benz,GLC,2021,47999,3998
BMW,4 Series,2019,32495,12089
Honda,CR-V,2019,23738,20703
Chevrolet,Traverse,2020,35000,25285
Nissan,Sentra,2017,14667,23491
Nissan,Altima,2018,18998,64475
Honda,CR-V,2019,25990,37700
Subaru,Outback,2019,23995,44915
Jeep,Cherokee,2014,16542,61756
Mercedes-Benz,C-Class,2021,39939,9162
Lincoln,Continental,2020,28697,47513
Land,Rover Range Rover,2018,79999,40873
GMC,Terrain,2014,6995,155965
Lexus,GX,2013,25995,75912
Jeep,Gladiator,2020,47942,27024
BMW,7 Series,2016,32995,87908
Honda,CR-V,2019,27742,25905
Ford,Escape,2018,15495,78922
Mercedes-Benz,GLC,2021,43795,20398
Mercedes-Benz,E-Class,2021,59900,7175
Nissan,Altima,2021,28268,3813
Nissan,Altima,2020,20395,68143
Lexus,NX,2020,36495,33763
Nissan,Altima,2016,9948,85277
Chevrolet,Cruze,2017,12999,100482
Jeep,Commander,2007,5999,110935
Ford,Escape,2020,19995,101186
Ram,1500,2019,39995,48320
Ford,Escape,2016,9995,137850
Jeep,Grand Cherokee,2008,6950,135970
Ford,Mustang,2021,29097,40085
INFINITI,QX60,2018,22870,90717
Audi,A4,2021,39313,10773
Chevrolet,Tahoe,2019,39000,31667
Jeep,Grand Cherokee,2018,25995,82116
Ford,Expedition,2017,19444,116718
Audi,Q7,2018,37990,45171
BMW,X5 M,2022,108745,5960
Jeep,Cherokee,2017,15777,79797
BMW,5 Series,2018,32999,41856
Mercedes-Benz,GLC,2019,30399,39079
Mercedes-Benz,GLE,2019,62000,23989
Toyota,Corolla,2020,21195,49940
Acura,RDX,2019,29995,54965
Nissan,Altima,2021,25097,48437
Jeep,Grand Cherokee,2019,26995,38240
Jeep,Grand Cherokee,2018,28000,56030
Toyota,RAV4,2016,20000,25493
Honda,Fit,2019,18995,26938
Toyota,Camry,2016,18133,56000
Ford,Econoline Cargo Van,2009,12299,175805
Ford,Explorer,2019,36995,28301
Ford,Explorer,2020,37995,12320
Ford,Explorer,2020,31995,54424
BMW,X1,2017,22990,43242
Lexus,RX,2004,4995,178175
Mazda,Mazda6,2021,24497,45507
Honda,CR-V,2019,27042,28168
Ford,Escape,2019,23995,33288
Nissan,Frontier,2015,17999,108766
Ford,Explorer,2015,13994,105635
Honda,Odyssey,2016,17995,141197
Ford,Explorer,2019,29995,44115
Chrysler,Pacifica,2020,25954,62542
Mazda,CX-5,2019,26995,32070
Ford,F-150,2020,43998,16072
Toyota,Corolla,2016,16450,35744
Buick,Envision,2019,22995,64200
Kia,Sorento,2019,23000,45783
Ford,Edge,2019,28995,8051
Jeep,Grand Cherokee,2018,31995,19134
Hyundai,Tucson,2019,18490,61055
Acura,MDX,2019,30222,34612
Hyundai,Elantra,2017,10739,98840
Hyundai,Sonata,2013,5499,162000
Kia,Sportage,2020,30995,28923
Mercedes-Benz,GLA,2019,27995,65541
Jeep,Compass,2019,17500,36150
Jeep,Cherokee,2019,25995,31153
Ford,F-150,2017,50995,43334
Mercedes-Benz,E-Class,2004,6300,130300
Audi,Q3,2021,38886,8232
Hyundai,Elantra,2013,6995,112159
Honda,Accord,2014,12995,103541
Volkswagen,Tiguan,2017,20000,56047
Honda,Accord,2020,26999,60819
Honda,CR-V,2019,29495,46322
Jeep,Cherokee,2019,27495,14898
Mercedes-Benz,GLS,2019,56938,21190
Mercedes-Benz,GLC,2022,47350,7739
Chevrolet,Malibu,2020,23998,46968
Toyota,Camry,2020,23695,43000
Ram,1500 Classic,2020,26995,44973
Nissan,Sentra,2017,17211,39500
Chevrolet,Equinox,2017,17500,53951
Lamborghini,Urus,2021,308995,4332
Honda,Odyssey,2011,10995,95888
Kia,Sorento,2020,26995,51920
Audi,SQ5,2019,41899,42412
Mercedes-Benz,C-Class,2014,15981,70975
Acura,ILX,2017,18096,71000
Hyundai,Santa Fe,2019,25995,34485
Ford,Explorer,2018,29788,29063
Toyota,Corolla,2020,19900,42596
Ford,Escape,2019,23495,33152
Ram,1500,2016,20999,135209
Honda,Pilot,2020,35994,19192
Honda,HR-V,2020,26000,27887
Acura,MDX,2020,38414,24372
Ford,Expedition,2019,49995,42474
Rolls-Royce,Ghost,2010,99995,49111
Nissan,Rogue Sport,2017,18500,72723
BMW,M6,2006,21995,45959
Jeep,Grand Cherokee,2015,17990,103569
Nissan,Altima,2019,24995,46630
Ford,Edge,2020,28995,34786
Chevrolet,Traverse,2019,26000,19570
Mazda,CX-5,2019,25995,37054
Toyota,RAV4,2019,27199,88948
BMW,5 Series,2019,37029,36145
Toyota,Camry,2012,9500,138503
Jeep,Cherokee,2019,25777,23258
McLaren,600LT,2019,239000,6285
Subaru,Crosstrek,2019,26188,30021
Maserati,Levante,2019,53245,41199
Ford,Explorer,2020,47695,13398
Mercedes-Benz,GLC,2018,40985,45213
Audi,A5,2018,32886,30978
Ford,Transit Cargo Van,2015,20942,144495
Ford,Fusion,2018,18995,78663
Nissan,Altima,2019,24995,28185
Lincoln,MKX,2015,11599,106368
Honda,CR-V,2019,28515,26331
Honda,CR-V,2004,4995,138741
Mercedes-Benz,S-Class,2020,78900,25351
Honda,Civic,2013,6999,209101
Land,Rover Range Rover Velar,2019,42695,57490
Audi,Q5,2014,14595,103059
Nissan,Sentra,2019,20395,3289
BMW,5 Series,2019,33795,42103
Ford,Edge,2019,28495,23181
Nissan,Rogue,2016,15995,88598
BMW,X5,2019,46995,33204
Nissan,Altima,2016,14000,87000
BMW,7 Series,2019,59995,34502
Mercedes-Benz,E-Class,2019,42995,42962
Mercedes-Benz,GL,2015,24995,113541
Jeep,Compass,2016,9499,122455
Nissan,Rogue,2016,14540,46977
Jeep,Wrangler,2018,34995,48769
Honda,CR-V,2021,31942,17788
Chevrolet,Equinox,2020,19990,49772
Jeep,Grand Cherokee,2011,7000,100000
Mazda,CX-9,2011,7299,124848
Nissan,Rogue,2018,22362,29963
Volvo,V60 Cross Country,2022,48990,3863
Toyota,4Runner,2021,39097,41098
Jeep,Grand Cherokee,2019,39495,9991
Cadillac,XT6,2021,49500,23286
Chevrolet,Express Cargo Van,2013,10950,209875
Mercedes-Benz,C-Class,2019,28988,33926
Buick,Century,2005,4819,75409
Chrysler,300,2019,23895,39231
Volvo,XC60,2018,37995,26634
Chevrolet,Malibu,2020,21998,66969
Chevrolet,Equinox,2021,25500,12284
Jeep,Grand Cherokee,2015,18995,100871
Tesla,Model Y,2020,65998,25501
Ram,1500,2015,19995,69726
Mazda,CX-5,2019,28995,26944
Subaru,WRX,2022,38488,149
Ford,Escape,2022,36997,4819
Mercedes-Benz,GLC,2019,32995,42958
Jeep,Compass,2020,26500,20829
Nissan,Pathfinder,2015,11999,101210
Nissan,Armada,2011,6499,178325
Mercedes-Benz,GLE,2020,44995,55386
Nissan,Pathfinder,2019,23500,27022
GMC,Sierra 1500,2021,50500,10331
Ford,Edge,2013,10495,130306
Honda,Civic,2019,18790,36863
Mercedes-Benz,E-Class,2010,10777,104803
Honda,CR-V,2017,22995,17885
Ford,Fusion,2019,18895,62771
BMW,4 Series,2019,28995,37092
Land,Rover Range Rover,2016,41885,69194
Toyota,Camry,2020,23900,44809
Hyundai,Sonata,2011,5542,203420
Honda,CR-V,2019,26492,31294
Toyota,Tundra,2019,50995,11859
Bentley,Flying Spur,2016,109000,30000
Mercedes-Benz,E-Class,2019,42996,11957
Ford,Escape,2016,9995,145340
Nissan,Rogue,2019,23935,30469
Toyota,4Runner,2021,38797,42126
Honda,CR-V,2018,22934,111421
Ford,Edge,2019,27995,37809
Nissan,Rogue,2018,18490,51955
BMW,5 Series,2012,8395,117240
Land,Rover Range Rover Velar,2020,44900,46176
Ford,Econoline Cargo Van,2013,16899,131931
Ford,Edge,2019,31995,17326
Lincoln,Aviator,2022,65990,1725
Toyota,C-HR,2018,22299,27848
Ford,F-150,2013,17599,99284
Ford,Explorer,2020,27000,96055
Ford,EcoSport,2021,25245,9140
Dodge,Charger,2019,25998,53068
GMC,Sierra 1500,2017,37994,60480
Chevrolet,Corvette,2021,95995,1150
Nissan,Altima,2020,19995,62786
Chevrolet,Silverado 1500,2011,13950,136560
Mercedes-Benz,C-Class,2019,36900,7958
Nissan,Altima,2020,28529,16749
Toyota,Sienna,2015,22995,95768
Ford,Fusion,2017,10990,127269
Chevrolet,Malibu,2020,18990,51686
Kia,Forte,2020,19999,23051
BMW,5 Series,2018,24995,53102
BMW,4 Series,2018,20995,96671
Chrysler,200,2014,4999,139398
Chevrolet,Traverse,2019,24291,54645
GMC,Sierra 1500,2021,44500,18161
Toyota,Camry,2019,24895,31214
Chrysler,Pacifica,2021,31345,65211
GMC,Savana Cargo Van,2009,11799,130201
Kia,Sedona,2015,14498,122821
BMW,3 Series,2018,23995,27986
Lexus,GX,2019,42999,30853
Ford,Fusion,2016,14295,77302
Ford,Edge,2019,29427,21530
Mercedes-Benz,GLC,2018,29995,31559
BMW,3 Series,2007,7995,68199
Nissan,Altima,2013,8199,102597
Jeep,Compass,2019,21867,42044
Nissan,Rogue,2015,12900,97908
Lexus,IS,2014,19996,83805
Ford,Escape,2019,23200,31855
Ferrari,360,2002,98000,22454
Nissan,Altima,2015,8499,125000
Toyota,Tacoma,2019,32995,58651
Jeep,Compass,2016,14499,53391
BMW,7 Series,2019,44900,54539
BMW,X5,2016,22995,84647
Mercedes-Benz,GLS,2018,39999,73955
Toyota,Highlander,2021,33797,47254
Jeep,Patriot,2016,11995,109462
Honda,Civic,2019,23895,45855
BMW,X5,2018,34795,50037
Cadillac,XT6,2020,46900,34976
Ford,Edge,2013,8899,135608
Acura,MDX,2020,39999,41033
Chevrolet,Equinox,2019,22912,36608
Chevrolet,Equinox,2019,24000,28176
Nissan,Altima,2018,15495,55376
Chevrolet,Equinox,2019,21500,22917
Nissan,Altima,2020,17995,50235
Toyota,RAV4,2020,34992,14391
Hyundai,Tucson,2017,15995,85012
Ford,F-150,2019,32998,83359
Hyundai,Veloster,2012,3900,179337
Dodge,Grand Caravan,2019,17199,91568
Honda,CR-V,2019,26544,47635
Nissan,Altima,2020,21738,56588
Toyota,RAV4,2020,27697,49327
Chevrolet,Silverado 1500,2020,33998,43621
Mercedes-Benz,E-Class,2019,42255,24201
Chevrolet,Equinox,2019,17865,32338
Audi,Q3,2021,38186,11746
Mercedes-Benz,GLS,2017,27995,84044
Mazda,CX-3,2017,19542,51624
Ford,Explorer,2014,14995,105394
Honda,CR-V,2019,32544,23434
Jeep,Compass,2021,26197,42177
Dodge,Durango,2019,38995,13291
Mercedes-Benz,GLE,2020,56900,49402
BMW,3 Series,2021,32790,42823
Cadillac,Escalade,2015,31995,74724
Ford,Explorer,2008,4320,166000
Toyota,Corolla,2003,4985,112942
Toyota,Highlander,2019,38297,9865
Ford,Escape,2019,28300,16663
Toyota,Tacoma,2018,30995,57371
Kia,Forte,2014,6899,142501
Mazda,CX-9,2019,29998,39441
Lexus,NX,2019,30829,30249
BMW,X5,2019,51995,38500
Ford,Explorer,2019,32495,34411
Toyota,Prius,2021,28597,41485
Toyota,RAV4,2019,25982,70966
Nissan,Altima,2021,28275,7426
Mercedes-Benz,GLE,2020,49995,24326
Jeep,Compass,2019,24305,28143
BMW,3 Series,2018,27995,79518
Nissan,Rogue,2019,26998,20316
Ford,Explorer,2016,18995,101449
Chevrolet,Equinox,2013,11999,78126
BMW,X5,2018,37195,32026
INFINITI,QX60,2016,15777,122000
Volvo,XC60,2019,39495,25220
Toyota,Corolla,2020,24575,14800
Mercedes-Benz,C-Class,2021,40966,13261
Land,Rover Range Rover Sport,2014,28995,91305
Ford,Explorer,2020,26995,101156
Nissan,Rogue,2019,28000,13075
BMW,5 Series,2017,22995,82324
Honda,Accord,2018,23990,29512
Ram,1500,2015,23799,85722
Ford,Super Duty F-550 Chassis Cab,2013,23995,87851
Jeep,Grand Cherokee,2017,24995,85939
Toyota,Camry,2018,22480,33972
Ford,Expedition,2013,14995,116570
Chrysler,200,2012,5993,134053
INFINITI,G,2013,11990,151112
BMW,X1,2019,26995,41720
Toyota,Camry,2018,24995,24979
Land,Rover Range Rover Velar,2018,57995,39950
Ford,Escape,2018,18449,25015
Chevrolet,Silverado 1500,2021,49500,777
INFINITI,QX50,2017,26500,20998
Mercedes-Benz,GLE,2019,59900,34268
Nissan,Altima,2019,19888,24649
Mitsubishi,Outlander Sport,2018,15542,74679
Jeep,Compass,2019,22416,62421
GMC,Yukon,2016,30990,117503
Lexus,NX,2021,42469,7113
Dodge,Challenger,2016,22695,123737
Buick,LaCrosse,2010,7899,82767
BMW,X5,2019,42488,45185
Mercedes-Benz,S-Class,2019,68876,40387
Ford,Escape,2019,27495,19557
Jeep,Cherokee,2019,24999,45636
Honda,Accord,2019,29795,20192
Ford,Explorer,2017,25495,53722
Polestar,2,2021,62700,187
Jeep,Cherokee,2017,15995,125102
Mercedes-Benz,C-Class,2019,27888,38178
Acura,MDX,2016,23995,54995
Volvo,XC90,2019,47770,20290
Ford,Fusion,2018,17490,31028
Ford,Escape,2019,23610,19653
BMW,7 Series,2017,37777,84240
Acura,MDX,2019,36195,32348
Chevrolet,Malibu,2020,19942,35547
Ford,F-150,2019,36998,28537
Ford,Edge,2021,25797,54944
Audi,A5,2018,30772,37407
Honda,Odyssey,2012,8495,131551
Toyota,RAV4,2020,29500,18328
BMW,5 Series,2019,32995,49830
BMW,X1,2016,19995,61445
Toyota,Corolla,2012,7891,143543
Toyota,Corolla,2010,6999,157018
Mazda,Mazda3,2020,27997,15669
Honda,Civic,2019,25295,17862
Chevrolet,Malibu,2020,20399,61656
Ford,Escape,2018,19995,42169
Volvo,XC40,2020,40995,17560
Honda,Pilot,2012,14995,88164
Honda,Accord,2017,18998,70168
Mitsubishi,Outlander Sport,2021,22128,14370
Jeep,Compass,2019,23485,37302
Cadillac,STS,2008,6000,93015
Hyundai,Santa Fe,2019,30561,35765
Mercedes-Benz,M-Class,2015,19995,101533
Ford,Super Duty F-250,2016,29995,85174
BMW,3 Series,2013,16995,70900
Ford,F-150,2014,12899,183813
Toyota,RAV4,2012,9899,116105
Honda,Civic,2016,17295,73605
Honda,Civic,2016,17295,73605
Audi,Q7,2019,45690,12391
Nissan,Rogue,2019,23997,27126
Ford,Explorer,2014,13499,134746
Mercedes-Benz,E-Class,2019,44893,30720
Jeep,Grand Cherokee,2020,33399,72777
Chevrolet,Tahoe,2015,32995,86672
Hyundai,Elantra,2020,15995,66545
Kia,Sorento,2016,12899,97920
Nissan,Armada,2020,33448,59357
BMW,5 Series,2019,32061,55023
Honda,Civic,2011,10995,121636
Porsche,911,2018,128500,23650
Mercedes-Benz,GLC,2022,44617,8415
Porsche,Cayenne,2020,72995,28824
Porsche,Cayenne,2020,73995,24375
Nissan,Sentra,2019,17590,59154
Jeep,Cherokee,2019,28995,7801
Ford,F-150,2019,34990,59492
Mazda,Mazda3,2018,20595,30719
Ram,1500,2017,26495,61000
Ferrari,458 Italia,2011,225500,17231
Ford,F-150,2021,39998,10442
Toyota,Camry,2020,24883,60925
Subaru,Ascent,2019,30999,27970
Mercedes-Benz,GLE,2018,35995,29130
Honda,Accord,2020,27995,29550
Nissan,Rogue,2019,26995,23206
Chevrolet,Malibu,2020,28629,62437
Nissan,Rogue,2019,24995,33601
Ford,Escape,2018,17995,61653
Ford,F-150,2019,37998,46034
Ford,Edge,2020,25695,61881
Honda,Civic,2012,7990,180543
Volvo,XC90,2018,39275,48122
Volkswagen,Jetta,2019,17240,49382
Chrysler,Pacifica,2020,23777,49951
Honda,CR-V,2007,7500,147000
Jeep,Grand Cherokee,2017,25995,97566
Toyota,Camry,2018,18072,72392
Honda,CR-V,2019,31071,35815
Land,Rover Range Rover Evoque,2022,54833,6434
Chrysler,Voyager,2021,28895,60985
Volvo,XC90,2019,51110,15954
Chevrolet,Cruze,2018,12499,99818
Mitsubishi,Mirage,2015,8714,65000
Volvo,XC90,2019,47750,34994
Honda,Civic,2014,13495,79980
Nissan,Rogue,2019,22841,23132
Hyundai,Elantra,2019,14999,34706
BMW,X4,2016,23900,82303
Acura,MDX,2020,43007,31767
Jeep,Grand Cherokee,2015,15777,111173
Ford,Fusion,2016,12000,126906
Mercedes-Benz,C-Class,2019,31999,18704
Ford,F-150,2016,34900,86873
Audi,A8,2021,73955,9734
Ford,Explorer,2019,32395,27720
Ford,Escape,2019,23950,13191
Mercedes-Benz,C-Class,2013,13987,64281
Toyota,Camry,2019,25695,15671
Jeep,Wrangler,2018,36590,29746
Dodge,Grand Caravan,2018,10700,152000
Audi,Q5,2018,22895,81250
Volvo,XC60,2019,42324,25660
Mercedes-Benz,C-Class,2019,27988,27625
Nissan,Rogue,2018,25588,17214
Ford,Explorer,2020,31995,41250
Honda,CR-V,2009,7950,161466
Rolls-Royce,Ghost,2021,379000,685
Ford,Explorer,2020,43395,29966
Mazda,CX-5,2019,28995,19235
Toyota,Sienna,2021,38097,54896
BMW,X1,2018,26994,39471
Volvo,XC60,2020,40700,19273
Nissan,Altima,2019,18999,59524
Honda,CR-V,2014,16995,87511
Nissan,Murano,2007,3500,164942
Nissan,Altima,2020,20995,46926
Nissan,Rogue,2019,25595,46123
Toyota,RAV4,2018,22998,68498
BMW,X3 M,2020,65998,18968
Nissan,Rogue,2017,17199,62004
BMW,X1,2018,26799,30106
Jeep,Grand Cherokee,2020,38995,27149
Mercedes-Benz,G-Class,2021,199995,12711
Audi,A6,2016,24500,41165
Lexus,RX,2019,38998,30200
Ford,Escape,2019,23595,27849
Chevrolet,Equinox,2019,12900,162932
Lincoln,MKX,2009,6499,141898
Honda,Odyssey,2012,10495,147354
Ram,1500,2015,17199,141308
Acura,TL,2010,9600,139000
Audi,S5,2017,26995,124998
Nissan,Rogue Sport,2019,22495,23927
Mercedes-Benz,C-Class,2019,26690,28228
Land,Rover Range Rover,2019,83995,23297
Jeep,Compass,2020,20942,90348
Chrysler,Pacifica,2017,12995,126280
Jeep,Compass,2019,23995,35329
Lexus,GX,2019,38885,24665
Dodge,Grand Caravan,2017,8995,183342
Nissan,Rogue,2019,22889,27918
Honda,CR-V,2008,10990,127731
Dodge,Grand Caravan,2018,13999,150227
Nissan,Pathfinder,2020,26995,58762
Toyota,Corolla,2020,18868,50478
Nissan,Rogue,2019,23900,31892
Toyota,RAV4,2020,27385,58655
Honda,CR-V,2019,29495,16980
Ford,Escape,2020,24988,24565
Nissan,Rogue,2018,17695,37952
Volvo,XC90,2019,45900,48257
Honda,Civic,2019,19777,66379
Nissan,Rogue,2015,10995,104184
Jeep,Cherokee,2019,28888,24051
Toyota,Sienna,2014,12495,145896
Cadillac,CTS,2019,34900,34196
Toyota,Prius v,2013,14969,64000
Ford,Edge,2019,24624,39851
Mercedes-Benz,GLE,2018,58985,39887
Acura,MDX,2016,27499,52080
Nissan,Rogue,2018,14499,120000
Nissan,Versa,2019,13990,53536
Ford,F-150,2019,27995,114800
Honda,Accord,2019,29995,11985
Toyota,Camry,2019,23500,24169
Ford,Fusion,2012,6999,131544
Honda,Accord,2020,30763,16596
Ram,1500,2022,94990,1324
Toyota,Sienna,2007,5999,160666
Volvo,S60,2021,38495,5610
Jeep,Grand Cherokee,2019,30495,39429
Toyota,Corolla Hatchback,2020,23469,34000
Volkswagen,Tiguan,2019,26960,27019
Ford,F-150,2014,14995,102819
Chrysler,Town & Country,2015,7999,171614
Kia,K5,2021,23997,41625
Honda,Odyssey,2019,37295,19486
Audi,Q7,2019,37070,70190
Honda,Civic,2019,24995,14131
Rolls-Royce,Ghost,2013,159995,26381
Honda,CR-V,2021,30595,19411
Subaru,Forester,2007,7990,47526
Mercedes-Benz,GLE,2018,32995,53537
Jeep,Cherokee,2015,16995,45628
Mercedes-Benz,C-Class,2018,27990,33305
BMW,8 Series,2019,69900,27028
Ford,F-150,2013,15599,127192
Toyota,Corolla,2015,13900,55486
Ford,Edge,2019,28395,23057
Lexus,RX,2019,40869,23992
Ford,Explorer,2019,32995,19349
Chevrolet,Blazer,2019,39499,22890
Lexus,RX,2014,16995,97893
Jaguar,E-PACE,2021,41900,12007
Land,Rover Range Rover Sport,2020,66995,28069
Ford,Expedition,2009,5599,162718
Jeep,Grand Cherokee,2019,28399,62660
Ram,1500,2014,17499,103330
Lexus,ES,2019,34995,13835
Ram,1500,2020,38998,24865
Jeep,Compass,2019,23888,27072
Volvo,XC60,2019,38459,41696
GMC,Terrain,2021,27995,15885
Porsche,Cayenne,2020,73995,24505
Subaru,Forester,2019,26996,36876
Dodge,Durango,2020,31995,59499
Porsche,Macan,2017,51999,37943
Honda,CR-V,2019,26999,47451
Volkswagen,Tiguan,2019,26986,27551
Volkswagen,Jetta,2021,21397,40500
Honda,Accord,2019,26995,27455
Subaru,Legacy,2016,15942,84949
Ford,F-150,2015,28461,40278
Toyota,Sienna,2014,10995,125102
Honda,Civic,2017,20395,32744
Nissan,Rogue,2019,23988,48502
Nissan,Altima,2020,18995,59960
Nissan,Rogue Sport,2020,19382,50627
Hyundai,Sonata,2016,14990,43132
Dodge,Ram 2500,2003,12995,133394
Chevrolet,Traverse,2016,11599,122114
Chevrolet,Traverse,2015,10895,105888
BMW,5 Series,2019,38195,49238
Toyota,Sienna,2013,14995,108503
Honda,Civic,2019,24395,41224
Nissan,Pathfinder,2011,8999,132090
Lincoln,Continental,2019,41946,36000
Jeep,Cherokee,2016,14777,110278
Honda,Accord,2018,23000,35286
Mercedes-Benz,GLA,2021,39198,21172
Nissan,Murano,2014,12995,82715
Mercedes-Benz,C-Class,2018,40877,30095
Ram,1500,2019,31495,50154
Nissan,Murano,2019,24495,17798
Honda,Pilot,2019,34136,34019
Ford,Super Duty F-250,2009,14995,76627
INFINITI,Q50,2018,23995,65368
Mercedes-Benz,C-Class,2021,41543,8395
Honda,Civic,2019,20990,1577
Chevrolet,Tahoe,2019,42995,51124
Lexus,NX,2019,32594,41512
Dodge,Charger,2020,23995,60992
Land,Rover Range Rover Evoque,2016,21500,82434
Mercedes-Benz,A-Class,2021,34945,9544
BMW,4 Series,2016,18999,47771
Nissan,Rogue,2015,12395,114203
Chevrolet,Cruze,2015,8594,114622
Nissan,Rogue,2015,12395,114203
Chrysler,Pacifica,2019,23995,33028
Honda,CR-V,2019,26646,20906
Chevrolet,Malibu,2014,9999,91642
Nissan,Rogue,2018,19995,32599
INFINITI,QX56,2009,5995,141554
Jeep,Grand Cherokee,2020,35495,23805
Mercedes-Benz,GLS,2018,66248,23129
Ford,Escape,2013,10000,119978
INFINITI,QX60,2019,31909,35576
Toyota,RAV4,2021,27497,47858
Volkswagen,Jetta,2020,18295,45505
Dodge,Grand Caravan,2020,23995,48180
Nissan,Rogue,2015,11995,121049
Toyota,Corolla,2020,23998,27255
Honda,Pilot,2020,35795,25140
Ford,Explorer,2016,18995,78300
Ford,Explorer,2019,33999,6181
Cadillac,XT5,2021,45500,11644
Honda,CR-V,2019,23460,29311
Nissan,NV Cargo,2014,15995,133472
Lincoln,MKZ,2013,12995,73225
Mercedes-Benz,C-Class,2016,16999,108748
Chevrolet,Silverado 1500,2018,31995,65576
Nissan,Rogue,2020,27500,2706
Honda,Civic,2015,17210,47805
Land,Rover Range Rover Sport,2020,82985,12672
Acura,MDX,2019,40772,34023
BMW,X3,2019,34998,20940
Honda,Accord,2019,28495,24776
Honda,Accord,2019,28495,24776
Jeep,Grand Cherokee,2014,19891,87067
GMC,Terrain,2011,5900,168801
Chrysler,Pacifica,2020,28495,23318
Jeep,Patriot,2017,10499,123820
Nissan,Rogue Sport,2018,15999,54324
Tesla,Model X,2022,131642,566
Nissan,Rogue,2020,29090,11479
Honda,Accord,2015,13995,116000
INFINITI,Q50,2014,15494,79337
Ford,F-150,2017,19499,158937
Volvo,XC60,2019,39600,14743
Ford,Escape,2019,22495,30149
Honda,Pilot,2019,36799,16487
Honda,Accord,2018,20279,84955
Kia,Forte,2010,5499,128360
Nissan,Altima,2020,19995,39467
Mitsubishi,Outlander,2013,7795,144225
Nissan,Pathfinder,2019,23295,42377
Jeep,Grand Cherokee,2017,21999,59000
Chevrolet,Equinox,2019,25995,25652
Mercedes-Benz,GLC,2019,32995,24880
Toyota,4Runner,2021,40997,42691
Mercedes-Benz,GLC,2019,39890,20574
Honda,CR-V,2019,28995,25646
Mazda,CX-5,2020,28995,34266
Volvo,XC40,2019,37440,13678
Kia,Forte,2020,20436,11383
Ford,Super Duty F-250,2017,39995,146275
Jeep,Compass,2019,25495,15620
Hyundai,Elantra,2015,8699,106642
Porsche,Cayenne,2020,122500,47404
GMC,Acadia,2020,26777,73310
GMC,Acadia,2012,7999,134731
Nissan,Altima,2015,14990,70680
Honda,CR-V,2019,32472,17516
Honda,CR-V,2019,32245,17469
Toyota,RAV4,2020,27211,16565
Nissan,Rogue,2016,16000,100006
Honda,Pilot,2018,23998,61456
Kia,Soul,2015,9300,108373
Mazda,Mazda3,2012,5993,146205
Honda,Fit,2010,6899,142000
Kia,Sedona,2020,29995,57414
Toyota,RAV4,2019,29995,9685
Mercedes-Benz,GLC,2018,27995,70525
Mercedes-Benz,C-Class,2017,27759,50972
GMC,Sierra 2500HD,2018,28000,107835
BMW,X3,2019,33495,43146
Toyota,Corolla,2021,18595,30769
Nissan,Rogue,2020,27695,33036
Nissan,Altima,2021,26327,9625
Lexus,IS,2014,18655,89769
Chevrolet,Silverado 1500,2009,10016,165000
Jeep,Grand Cherokee,2012,12389,86000
Honda,Pilot,2020,39395,33344
Ford,Edge,2019,28295,27036
Ferrari,430,2007,149995,11328
Chevrolet,Silverado 1500,2018,37998,55826
Nissan,Rogue,2015,17500,35363
MINI,Hardtop,2013,11995,98260
Ford,Explorer,2019,30395,45988
Honda,Accord,2019,28995,37559
Hyundai,Tucson,2019,24995,18885
Mazda,CX-5,2019,25400,35520
Chevrolet,Trax,2019,17212,28514
Nissan,Altima,2019,22395,13400
BMW,7 Series,2016,32995,68733
Mercedes-Benz,GLA,2019,27495,45950
Jeep,Wrangler,2019,35972,25772
BMW,X3,2019,32946,39972
Honda,CR-V,2019,28695,30630
Porsche,Macan,2021,57995,7727
Volkswagen,Atlas,2019,33995,30936
INFINITI,QX80,2017,32994,76996
Mercedes-Benz,GLS,2019,47588,23822
Lexus,NX,2018,28936,44126
Nissan,Murano,2019,22045,29293
Honda,CR-V,2018,21990,43775
Ford,Taurus X,2009,5099,130000
Honda,CR-V,2019,28699,30351
Hyundai,Sonata,2018,17888,23685
Toyota,RAV4,2019,27299,58904
Chevrolet,Traverse,2018,21777,108207
Mercedes-Benz,S-Class,2012,18777,89821
Honda,Odyssey,2019,31379,68900
BMW,M4,2018,53900,64407
Nissan,Rogue,2019,27588,15814
Toyota,Yaris,2020,19742,42894
Mercedes-Benz,GLE,2018,29995,94751
Land,Rover Range Rover Sport,2015,32995,84886
Mercedes-Benz,GLE,2018,29995,94751
Cadillac,XT5,2019,31050,39200
Subaru,Outback,2019,26495,31105
Ford,Explorer,2020,38995,11908
Mazda,CX-5,2019,25995,27185
Honda,Accord,2019,24463,37681
Ford,Explorer,2013,15999,72927
Volkswagen,Jetta,2019,24995,19728
Subaru,Impreza,2013,16488,44996
Jeep,Wrangler,2011,16742,120072
Ford,Econoline Cargo Van,2011,9499,232912
Ram,1500,2019,38555,27754
Ford,Escape,2010,5339,167000
Ford,Explorer,2016,16995,95909
Ford,Explorer,2017,24999,62581
Honda,Pilot,2019,37916,24649
Ram,1500,2021,38990,26779
Ford,Explorer,2019,32495,23160
Ford,F-150,2014,13993,171653
Lexus,LS,2018,54869,24858
Mercedes-Benz,GLS,2020,63995,20030
BMW,X5,2009,11995,84373
Kia,Forte,2012,6795,132726
BMW,5 Series,2019,41989,11049
Honda,Pilot,2020,28695,69166
Subaru,WRX,2016,26995,62369
BMW,3 Series,2018,24490,43386
BMW,3 Series,2018,20939,46681
Mercedes-Benz,C-Class,2021,39291,9417
Volvo,XC90,2022,60990,14563
Nissan,Rogue,2019,19695,34390
Ford,Transit Connect Van,2017,17695,118525
Jeep,Grand Cherokee,2020,37054,5138
Honda,Odyssey,2019,36867,27820
Honda,Civic,2018,21995,20697
Nissan,Altima,2019,18985,43940
Honda,Ridgeline,2013,18099,81714
Audi,A4,2017,24942,69823
Mercedes-Benz,C-Class,2019,28445,54168
Mercedes-Benz,CLA,2019,26995,40474
Nissan,Rogue,2020,17296,48417
Honda,CR-V,2020,33250,13358
Chevrolet,Silverado 1500,2016,30788,61485
BMW,X1,2017,24103,39982
Honda,Civic,2019,26395,37661
Ford,Edge,2019,24695,56796
Toyota,Sienna,2014,14995,118595
Toyota,Camry,2018,22490,43887
Ford,Econoline Cargo Van,2000,5799,177485
Chevrolet,Colorado,2021,27000,34906
Jeep,Grand Cherokee,2019,37972,39251
Jeep,Compass,2019,20144,55676
BMW,X5,2020,46795,52967
Jeep,Grand Cherokee,2017,21495,130064
GMC,Yukon,2015,32995,91005
Hyundai,Elantra,2020,18994,30515
Dodge,Charger,2019,28742,9957
Chevrolet,Malibu,2018,12550,101785
Ram,1500,2019,37998,47066
Ford,Escape,2019,22295,28023
Cadillac,XT5,2018,29995,25560
INFINITI,G,2010,10500,133210
Audi,Q5,2018,21995,84745
Chevrolet,Equinox,2019,22994,24644
Honda,Civic,2017,20895,29208
Ford,Escape,2019,26995,17877
Toyota,Camry,2019,23998,46256
BMW,X1,2018,27350,21602
Honda,Accord,2018,26795,42597
Chevrolet,Equinox,2019,22000,18725
Dodge,Durango,2018,28588,43169
Kia,Forte,2020,22995,15881
Jeep,Compass,2019,24795,25847
Ford,F-150,2018,35995,55454
Ford,Escape,2017,15833,72440
BMW,M3,2018,47900,70191
GMC,Terrain,2017,10800,143498
Honda,CR-V,2019,30995,44447
FIAT,500,2012,7990,99316
BMW,5 Series,2019,36998,41320
Honda,Accord,2020,24990,45104
Jeep,Gladiator,2021,51855,22462
Toyota,Highlander,2015,16995,113428
Hyundai,Sonata,2013,8150,111117
Mercedes-Benz,C-Class,2016,18995,83587
Nissan,Rogue,2019,22900,17332
Nissan,Rogue,2020,26889,26745
Honda,Accord,2019,28998,44071
Ford,Fusion,2016,15990,75290
BMW,4 Series,2018,20795,58922
INFINITI,QX60,2019,30995,32319
Dodge,Grand Caravan,2019,17777,79447
Jaguar,E-PACE,2019,33225,20660
Mercedes-Benz,GLB,2021,40861,11828
INFINITI,QX60,2014,12995,164859
Ford,Explorer,2020,33777,29760
Jeep,Compass,2019,25495,17612
Chevrolet,Equinox,2019,27255,30859
Mercedes-Benz,C-Class,2002,5995,71902
Chrysler,Town & Country,2015,10000,118229
Toyota,MR2 Spyder,2002,8031,128564
Mercedes-Benz,C-Class,2018,27998,47826
Ford,Mustang,2016,16998,89612
Volkswagen,Jetta,2017,12999,67135
Honda,CR-V,2019,24995,65079
Nissan,Altima,2018,14900,62181
BMW,X2,2018,26995,61126
Ford,Fiesta,2019,14539,42300
Ford,Escape,2018,22495,29535
Volkswagen,Tiguan,2018,23995,20806
Ford,Escape,2019,22495,27746
Mercedes-Benz,S-Class,2017,79900,36154
Nissan,Armada,2019,41000,25849
BMW,4 Series,2015,18942,87959
Cadillac,XT5,2019,29888,60141
Jeep,Compass,2019,21499,55290
Nissan,Altima,2019,22068,9556
Subaru,Forester,2019,31995,19626
Ford,Edge,2020,21900,60098
Maserati,Ghibli,2015,27999,32853
Ford,Explorer,2020,35995,28992
Ford,Explorer,2019,32495,36450
Nissan,Rogue,2019,27388,11949
Ford,Explorer,2018,24990,72334
Ford,Bronco,2022,51990,4742
Toyota,Corolla,2021,22997,43753
Jeep,Grand Cherokee,2018,29495,36774
GMC,Terrain,2019,24988,41068
Ford,Explorer,2020,36995,11341
Ford,Escape,2019,22595,42889
Nissan,Kicks,2019,18695,49395
Ford,F-150,2014,18599,115259
Kia,Sportage,2020,27995,30429
Jeep,Grand Cherokee,2017,23584,56060
Subaru,Forester,2013,14995,78846
Mercedes-Benz,CLA,2018,22995,69278
INFINITI,G,2013,12900,120338
Mercedes-Benz,C-Class,2019,36490,28804
Hyundai,Elantra,2020,16450,53422
Kia,Forte,2014,11000,64500
Nissan,Versa,2012,8895,74600
Audi,TT,2003,3400,242834
BMW,X7,2019,61900,37410
Chevrolet,Equinox,2019,23998,25551
Acura,RDX,2019,38400,28500
Ford,F-150,2014,17599,124102
Jeep,Grand Cherokee,2020,35995,29746
INFINITI,Q50,2019,29950,25000
Chevrolet,Equinox,2018,22998,57663
Volvo,XC90,2018,43998,48523
Ford,F-150,2020,35998,57780
Jeep,Cherokee,2019,25500,31069
BMW,X6 M,2014,44950,21538
Volvo,XC90,2020,46495,29960
Nissan,Maxima,2018,16499,60595
Toyota,Corolla,2020,22998,39628
Ford,Fusion,2016,20998,13548
Honda,Accord,2019,27022,7467
Porsche,Cayenne,2019,79555,71791
Jeep,Wrangler,2018,34998,41416
Nissan,Rogue,2016,14726,70293
Ram,1500,2021,42998,29827
Mercedes-Benz,GLE,2018,42900,48272
MINI,Cooper,2007,10000,33000
Jeep,Grand Cherokee,2019,38495,37479
Chevrolet,Equinox,2014,7995,116549
Honda,CR-V,2019,31495,25551
Volkswagen,Tiguan,2019,27085,45388
Hyundai,Sonata,2019,18980,21074
Ford,Fusion,2018,11995,110789
Toyota,Highlander,2019,33788,39173
BMW,3 Series,2018,26995,40610
Genesis,G70,2021,29980,20753
Mercedes-Benz,GLC,2019,31998,42036
Acura,ILX,2022,32568,4948
Kia,Sorento,2011,7995,107655
Ford,Escape,2019,25998,26110
BMW,X5,2021,62995,20496
BMW,5 Series,2014,14995,120220
BMW,5 Series,2014,14995,120220
Honda,Accord,2020,27195,15394
Toyota,RAV4,2020,21995,63095
Chevrolet,Silverado 1500,2012,14995,152381
Volvo,XC60,2020,45995,24022
Jeep,Grand Cherokee,2019,32998,45580
Nissan,Sentra,2019,18995,21962
Honda,Accord,2019,24495,25221
Honda,CR-V,2019,28395,37007
Nissan,Altima,2021,25597,41850
Nissan,Rogue,2018,23293,15375
Lexus,GX,2018,37969,52445
Ford,Edge,2019,27900,45124
BMW,4 Series,2019,25988,20184
Jeep,Cherokee,2019,26995,30319
Ford,Mustang,2020,31999,46605
Honda,Pilot,2020,38166,20359
Mercedes-Benz,GLC,2022,53185,3332
Jeep,Wrangler,2018,26995,70135
Ford,Mustang,2016,12995,178616
Acura,MDX,2018,27995,73146
Jeep,Grand Cherokee,2014,17995,123226
Volkswagen,Atlas,2019,36898,56819
Nissan,Altima,2016,16990,59307
BMW,5 Series,2019,45995,40549
Nissan,Rogue Sport,2020,18721,21205
Nissan,Rogue,2018,19995,52396
Jeep,Cherokee,2019,29998,30891
Dodge,Durango,2020,40995,40636
Honda,CR-V,2018,24895,16618
Mercedes-Benz,CLA,2022,48030,6330
Jeep,Wrangler,2019,34772,45778
Nissan,Pathfinder,2013,9999,109285
Jeep,Cherokee,2019,24900,38523
Mercedes-Benz,C-Class,2018,27998,53287
Toyota,Corolla,2019,19889,21846
INFINITI,JX35,2013,12995,129606
Nissan,Rogue Sport,2020,27151,18211
Jeep,Grand Cherokee,2018,27995,86256
GMC,Sierra 3500HD,2018,43990,149154
Kia,Optima,2019,15499,63702
Mercedes-Benz,GLC,2021,46490,17900
Toyota,Sienna,2020,38000,52000
Ford,Edge,2019,29495,15562
Honda,Accord,2018,24399,19680
Nissan,Armada,2012,11795,88666
Chevrolet,Silverado 1500,2018,27990,73709
BMW,5 Series,2019,35989,44005
Lexus,RX,2016,26995,73659
Honda,Pilot,2019,31595,25658
Honda,CR-V,2019,27452,22220
Mitsubishi,Outlander Sport,2017,18000,68000
Ford,Explorer,2019,31906,30000
Jeep,Liberty,2010,7492,114326
Mazda,CX-5,2019,25575,36206
Mercedes-Benz,C-Class,2018,31495,3048
Ford,Explorer,2018,23999,61608
Chevrolet,Tahoe,2012,7599,181572
Chevrolet,Equinox,2021,25340,8999
Honda,Civic,2019,20110,30356
Kia,Forte,2018,10995,74195
Toyota,RAV4,2019,31998,40999
BMW,5 Series,2019,37834,35144
Ford,F-150,2013,14999,138459
Ford,Explorer,2017,23995,58596
Porsche,Macan,2018,34254,52024
Ford,Fusion,2010,5999,123992
Ford,Super Duty F-250,2022,66998,5498
Nissan,Rogue,2021,30497,40299
Honda,Civic,2015,9948,156892
Nissan,Altima,2019,19995,37381
Ford,Escape,2019,23035,29255
Mercedes-Benz,GLS,2018,54864,41906
Nissan,Rogue Sport,2019,22995,13041
Dodge,Durango,2020,33495,48907
Hyundai,Santa Fe,2008,3000,170000
Jeep,Grand Cherokee,2020,29449,36038
Ford,F-150,2017,36650,80644
Mercedes-Benz,M-Class,2012,15495,101985
Ford,Flex,2014,10995,128317
Toyota,Camry,2019,20500,10424
Dodge,Ram 2500,2008,11199,165191
Mercedes-Benz,GLA,2019,24850,46498
Toyota,Camry,2017,16950,41555
Lexus,RC,2016,28999,58000
BMW,5 Series,2016,16777,89350
Jeep,Compass,2019,19495,74718
Honda,CR-V,2019,27999,35284
Ford,Escape,2021,29995,2612
Nissan,Rogue,2019,23795,38678
Ford,Econoline Cargo Van,2006,10995,99960
Nissan,Rogue Sport,2019,24588,29104
Nissan,Sentra,2017,9900,88978
Jeep,Grand Cherokee,2019,29900,42205
Toyota,RAV4,2018,26999,33193
BMW,5 Series,2018,32000,53000
Toyota,Highlander,2011,12800,158472
Kia,Optima,2020,18999,45598
Ford,Escape,2019,20000,66899
Hyundai,Tucson,2019,23739,27894
Mercedes-Benz,GLE,2021,57995,34362
Chevrolet,Traverse,2009,6499,95698
Ford,Fusion,2017,16499,49963
Chevrolet,Trax,2020,21542,4623
Ford,F-150,2018,30998,63076
Hyundai,Santa Fe,2018,24108,95941
Jeep,Cherokee,2019,28995,17117
Mercedes-Benz,C-Class,2020,59900,12667
Ford,Fusion,2008,5495,131133
Nissan,Rogue,2019,24895,39923
Kia,Optima,2016,15490,47628
Mercedes-Benz,S-Class,2019,150995,15108
Honda,Accord,2015,14995,112212
Honda,CR-V,2018,23458,41782
BMW,X1,2015,11999,83365
Jeep,Wrangler,2017,31998,42619
Honda,HR-V,2017,18449,84500
Jeep,Compass,2019,23932,17610
Subaru,Outback,2016,18995,76393
BMW,X1,2018,26599,45000
Volvo,XC90,2021,52495,5294
INFINITI,Q50,2018,26995,21973
Mazda,CX-5,2018,20990,68075
Ferrari,458 Italia,2015,239000,19454
Honda,CR-V,2019,28495,32227
Mitsubishi,Outlander,2020,19777,24941
Nissan,Sentra,2018,13290,57987
Ford,Edge,2018,19995,95280
Honda,Civic,2020,24995,17926
BMW,X5,2018,39995,35595
Ford,EcoSport,2018,15995,64175
Honda,Pilot,2018,23999,110459
Chevrolet,Equinox,2018,15699,121591
Hyundai,Accent,2015,5995,130543
Acura,MDX,2019,35721,42021
Honda,Civic,2020,26900,14363
Dodge,Grand Caravan,2018,11885,102137
GMC,HUMMER EV,2022,198800,153
Chevrolet,Tahoe,2020,39995,59133
Ford,Explorer,2016,19999,129964
GMC,Terrain,2020,26695,14311
Ford,Fusion,2018,16990,86525
Ford,Super Duty F-250,2019,42998,94553
Ford,F-150,2015,28998,98752
Toyota,4Runner,2021,41197,41752
Kia,Forte,2019,19332,29463
Dodge,Challenger,2019,28999,42592
Honda,Accord,2008,5595,169674
Chevrolet,Equinox,2019,20000,88479
Mercedes-Benz,C-Class,2019,29285,41482
Nissan,Rogue,2019,21294,41816
INFINITI,Q50,2019,26990,29802
Nissan,Rogue,2018,19995,24628
Nissan,Kicks,2020,22500,20000
Volvo,XC40,2019,34770,30756
Mercedes-Benz,C-Class,2019,33998,39000
Chevrolet,Cruze,2014,6486,123114
Honda,Civic,2009,5995,156512
Honda,Odyssey,2010,10000,153797
Lexus,RX,2015,18995,94496
Nissan,Armada,2020,32995,58971
Nissan,Sentra,2019,13990,67434
Mazda,CX-5,2017,24889,59224
Honda,Accord,2019,30091,20890
Jeep,Cherokee,2019,26995,28414
Ford,Explorer,2020,39995,19253
Nissan,Rogue,2019,24990,37062
Ram,2500,2018,30994,81492
Nissan,Rogue,2020,29090,11449
GMC,Yukon,2005,4998,177544
Honda,Accord,2019,23195,81196
Ford,Explorer,2018,30000,28051
Volkswagen,Passat,2015,8886,122396
BMW,X5,2018,35898,51889
Mercedes-Benz,GLE,2021,146564,2856
Jeep,Grand Cherokee,2019,32199,31039
Cadillac,XT5,2019,35900,34747
Chevrolet,Equinox,2019,22000,16155
Chevrolet,Trax,2015,7499,155509
BMW,5 Series,2012,13950,104809
Nissan,Rogue,2019,22500,32712
Jeep,Grand Cherokee,2020,36495,17938
Chevrolet,Silverado 2500HD,2008,19995,89602
BMW,X5,2019,45990,50419
Toyota,Camry,2019,23995,36315
Nissan,Altima,2019,23495,55993
Hyundai,Tucson,2017,19980,37938
Nissan,Altima,2015,12497,69750
Lexus,GX,2019,42187,19104
Hyundai,Elantra,2013,10031,90038
Honda,Civic,2019,22275,27173
BMW,X5,2011,7779,154000
Mercedes-Benz,C-Class,2019,31595,20253
Acura,MDX,2019,37744,38102
Toyota,Camry,2020,22900,48800
Ford,Escape,2019,23235,30375
Hyundai,Sonata,2015,10593,104000
GMC,Terrain,2019,26994,23441
Ford,Escape,2019,22990,36147
Hyundai,Tucson,2019,17887,47879
Ford,Edge,2020,37996,15924
Mercedes-Benz,GLE,2020,48995,29280
Hyundai,Sonata,2019,18475,41693
Mazda,CX-5,2021,27797,46621
Dodge,Journey,2017,13400,77407
Audi,Q5,2016,14994,107030
Nissan,Altima,2020,26781,7190
Chevrolet,Bolt EV,2020,29995,11863
Tesla,Model S,2022,135995,1730
Honda,CR-V,2019,28999,25229
Ford,Expedition,2021,68949,11156
Nissan,Rogue,2017,11990,131942
Honda,Pilot,2019,35146,15425
Honda,Civic,2017,19998,67958
Subaru,XV Crosstrek,2013,8495,168844
Toyota,RAV4,2020,30207,30754
Dodge,Durango,2018,28585,79375
BMW,X3,2019,33998,37282
INFINITI,Q50,2019,26990,37064
Toyota,RAV4,2018,24974,27377
Porsche,Macan,2021,89500,14227
Mercedes-Benz,E-Class,2019,38888,53693
Hyundai,Santa Fe,2020,26648,18685
Audi,Q7,2019,39408,51359
Honda,Pilot,2020,34795,23479
Honda,CR-V,2019,27994,23530
INFINITI,QX50,2017,19995,90788
Mercedes-Benz,GLB,2021,40855,14768
Chevrolet,Malibu,2018,21990,23023
Jeep,Grand Cherokee,2019,29998,23311
Honda,CR-V,2019,25695,34031
Jeep,Grand Cherokee,2020,34495,34246
Ford,F-150,2019,32584,57348
Ford,F-150,2020,41998,26843
Jeep,Wrangler,2018,33772,54320
Toyota,RAV4,2019,25998,61194
Porsche,Panamera,2014,43995,69999
Subaru,Forester,2020,29998,42877
Chevrolet,Cruze,2015,11400,65000
Honda,CR-V,2013,18950,51097
Toyota,RAV4,2019,24765,56658
Nissan,Rogue,2018,14595,76929
BMW,4 Series,2016,24988,75590
Ram,ProMaster Cargo Van,2017,23799,117363
Ram,1500,2019,37998,26445
Hyundai,Santa Fe Sport,2013,15999,69469
Honda,Odyssey,2020,38995,26872
Maserati,GranTurismo,2018,75995,12891
Ford,Explorer,2019,34250,17522
Ford,F-150,2014,18400,145437
Honda,CR-V,2019,22995,45837
GMC,Acadia,2019,24995,103287
Chevrolet,Malibu,2013,10499,68256
Ford,Explorer,2015,20643,38559
Subaru,Forester,2019,30995,26081
Ram,ProMaster Cargo Van,2019,30999,116773
Nissan,Rogue,2017,17400,53734
Chevrolet,Silverado 1500,2018,35998,95823
Nissan,JUKE,2011,7695,98570
Jeep,Compass,2019,22865,60209
Audi,Q7,2015,20289,81061
Nissan,Sentra,2019,15199,52417
Kia,Sportage,2017,17542,66467
Audi,Q7,2019,40318,53056
Honda,Pilot,2020,39495,26832
Ram,1500,2022,61900,100
Volvo,XC90,2020,44590,26807
Honda,Accord,2013,16495,23140
INFINITI,QX60,2014,12495,161870
Toyota,Camry,2021,25898,22754
Nissan,Sentra,2019,17998,51139
Mercedes-Benz,GLS,2019,45995,46330
Toyota,4Runner,2021,37597,51609
Mercedes-Benz,C-Class,2019,29888,27699
Chevrolet,Silverado 1500,2019,39999,45423
Jeep,Grand Cherokee,2014,35995,68863
Porsche,Macan,2017,48995,75723
Chevrolet,Equinox,2019,22995,24688
Toyota,Corolla,2016,15042,58800
BMW,X5,2019,47495,41728
Honda,Accord,2021,34888,8002
Honda,Odyssey,2020,38382,18385
Rolls-Royce,Ghost,2022,485500,65
Ram,1500,2015,24599,85528
Ford,Explorer,2018,24995,111768
Honda,CR-V,2018,26995,22890
Subaru,Crosstrek,2019,25695,31414
Nissan,Rogue,2019,21998,19289
Subaru,Forester,2021,31889,20806
Hyundai,Elantra,2018,19588,29251
Chevrolet,Equinox,2019,21998,47540
Toyota,Camry,2018,18024,72553
Nissan,Altima,2008,7593,59427
Mercedes-Benz,C-Class,2019,32663,34769
Ram,1500,2019,34972,74966
GMC,Terrain,2019,25395,38417
Toyota,Tacoma,2019,37500,33002
Volkswagen,Tiguan,2020,32913,8596
Nissan,Maxima,2020,22995,30046
Mercedes-Benz,CLS,2011,21998,52798
Chevrolet,Silverado 1500,2020,35000,38796
Honda,Civic,2019,22973,22442
Mercedes-Benz,GLE,2020,58995,19797
Volkswagen,Tiguan,2019,28876,23670
Ford,F-150,2018,35998,59461
Mercedes-Benz,C-Class,2016,30995,41177
INFINITI,Q50,2019,27995,33251
Honda,Civic,2019,18995,56959
Nissan,Altima,2016,18998,52879
Subaru,Crosstrek,2019,24996,57808
Ford,F-150,2019,35998,73642
Chevrolet,Silverado 1500,2021,45990,40399
Mazda,CX-5,2019,25995,24028
Nissan,Sentra,2019,15974,53042
Mercedes-Benz,E-Class,2015,18995,82560
Honda,Pilot,2011,10000,177526
Toyota,Corolla,2020,24297,30917
BMW,X5,2019,50998,28816
Jeep,Grand Cherokee,2020,36998,25986
Volvo,XC90,2019,44295,16043
Nissan,Pathfinder,2014,13995,89562
Ford,Edge,2014,13995,88140
Mercedes-Benz,GLC,2019,38490,38370
Mazda,CX-5,2019,25990,33080
Honda,Civic,2020,27998,17091
Kia,Sportage,2019,23550,27303
Ford,EcoSport,2019,21495,5601
Nissan,Altima,2016,11999,58734
Nissan,Rogue,2019,27595,23451
Mercedes-Benz,E-Class,2014,15995,93526
Toyota,Camry,2019,25615,33533
Hyundai,Tucson,2015,11995,121318
Land,Rover Range Rover Velar,2018,36999,49718
Honda,Pilot,2019,36999,41700
Lincoln,Navigator,2020,69990,31737
Honda,Ridgeline,2006,9999,101447
Ford,F-150,2020,45998,42282
Nissan,Rogue,2018,23995,44995
Mitsubishi,Lancer,2010,5942,139497
Jeep,Grand Cherokee,2019,31496,58289
Nissan,Murano,2019,26497,32063
GMC,Terrain,2019,26995,25760
Jeep,Cherokee,2019,25788,37620
Mercedes-Benz,C-Class,2019,33295,35465
Ford,Fusion,2019,24998,53157
Acura,MDX,2001,4885,214976
Jeep,Compass,2019,23995,27830
Chevrolet,Equinox,2019,26500,15190
BMW,5 Series,2018,32490,31001
Toyota,Highlander,2019,36244,33800
Nissan,Rogue,2019,17146,36393
Ford,Ranger,1999,3999,145587
BMW,5 Series,2018,49995,27936
Chevrolet,Express Cargo Van,2012,14799,182651
Nissan,370Z,2020,45995,16637
BMW,5 Series,2019,43995,4802
Subaru,Crosstrek,2019,20990,92131
Mercedes-Benz,C-Class,2013,11489,99456
Toyota,Sienna,2019,26945,80598
Tesla,Model X,2017,60000,58000
BMW,X7,2021,69990,19417
Jeep,Renegade,2018,20495,44872
Nissan,Altima,2019,20888,26852
Mercedes-Benz,GLS,2019,46995,40200
BMW,3 Series,2018,29995,41962
Honda,Accord,2021,31998,34106
Nissan,Rogue,2019,25895,19546
Toyota,RAV4,2018,23995,48497
GMC,Acadia,2019,30995,48505
Mercedes-Benz,GLE,2021,59889,20888
Toyota,Highlander,2019,31995,50328
BMW,7 Series,2019,41495,44146
Honda,CR-V,2020,32595,22151
Nissan,Altima,2019,19777,47083
Ford,Escape,2019,23255,34529
Ford,Edge,2019,26998,44292
Ford,Super Duty F-250,2014,22995,163069
Nissan,Pathfinder,2020,26795,32386
Mazda,Mazda3,2019,21995,17390
Kia,Seltos,2021,24499,22970
Toyota,RAV4,2018,24995,12452
BMW,X1,2017,18995,44896
Lexus,ES,2019,37484,18079
Ford,Ranger,2020,31195,48639
Cadillac,XT5,2019,36995,24779
Lexus,NX,2019,33560,21608
Audi,Q5,2018,28999,37918
Jeep,Grand Cherokee,2018,27777,64918
Nissan,Rogue,2019,20695,58601
Nissan,Rogue,2019,22895,33894
BMW,X5,2019,47993,33309
Chevrolet,Blazer,2019,35000,26878
Ford,Explorer,2020,36495,23733
Nissan,Murano,2018,17995,76441
Ford,Explorer,2018,28799,31814
Mitsubishi,Outlander,2020,23295,40950
BMW,X5,2018,30995,64119
Jeep,Wrangler,2018,33998,53316
Volkswagen,Passat,2012,9797,108634
Toyota,RAV4,2018,22899,95170
Toyota,Camry,2022,33998,3684
Jeep,Cherokee,2019,23900,29779
Lexus,GX,2019,39887,46063
Chevrolet,Traverse,2016,11799,104260
Honda,CR-V,2020,34177,10963
Honda,Odyssey,2007,5995,103978
Honda,CR-V,2019,27071,22397
Hyundai,Santa Fe Sport,2018,17995,81858
Ford,Edge,2020,27584,58725
Alfa,Romeo Stelvio,2019,33995,11446
Chevrolet,Impala,2007,2500,184585
Chevrolet,Silverado 1500,2019,36998,70998
Honda,CR-V,2019,26999,30988
BMW,3 Series,2018,23783,24880
Porsche,Macan,2018,69995,29089
Honda,Civic,2019,20888,39950
Nissan,Armada,2020,33998,57468
Chevrolet,Silverado 1500,2021,49999,11270
Kia,Forte,2017,15590,68445
Mercedes-Benz,C-Class,2017,25998,61969
Chevrolet,Equinox,2019,23975,30002
Nissan,Murano,2018,25045,28674
Jeep,Compass,2018,21363,37200
Cadillac,XT5,2018,32995,23604
BMW,M5,2016,49500,45172
Mercedes-Benz,CL,2010,33590,22558
Porsche,Cayenne,2018,45995,34346
Nissan,Murano,2019,27894,29114
Toyota,Camry,2020,29998,20321
Chevrolet,Malibu,2020,21590,61020
GMC,Savana Cargo Van,2017,17500,161178
Jeep,Grand Cherokee,2019,38894,26254
Jeep,Grand Cherokee WK,2021,35495,23285
BMW,X5,2019,47995,40419
Honda,Civic,2020,25047,38550
Cadillac,CTS,2018,29900,32043
Acura,TLX,2020,29995,16022
Subaru,Impreza,2017,16995,43176
Chevrolet,Equinox,2019,21500,17303
Mazda,CX-5,2018,22490,45996
Audi,A4,2018,19995,50946
Nissan,Frontier,2013,13800,81556
Toyota,Highlander,2019,34495,28877
Volkswagen,Arteon,2021,40995,6624
Honda,Accord,2020,22999,47759
Mercedes-Benz,GLC,2021,46490,17543
Audi,A8,2004,4450,154254
Mercedes-Benz,E-Class,2015,52999,40508
Lexus,ES,2019,34900,29945
Mercedes-Benz,E-Class,2014,16995,116238
Mercedes-Benz,E-Class,2014,16995,116238
Mercedes-Benz,C-Class,2021,41794,9755
Ford,Fusion,2017,15999,61663
Jeep,Grand Cherokee,2014,15879,112000
INFINITI,QX60,2019,34998,30065
BMW,X7,2020,64999,4973
Toyota,Highlander,2015,18995,112690
Lexus,RX,2020,46969,36872
Chevrolet,Equinox,2016,10995,129655
Nissan,Armada,2020,31995,66549
Dodge,Grand Caravan,2020,21990,48602
Jeep,Cherokee,2018,24990,24696
Honda,CR-V,2016,21239,83277
Kia,Sorento,2020,29995,51105
Nissan,Rogue,2020,27165,16210
Jeep,Cherokee,2019,27995,15526
Kia,Optima,2020,20797,53098
GMC,Sierra 2500HD,2016,21495,81934
Ford,Econoline Cargo Van,2013,12995,160582
Nissan,Rogue,2020,29108,11246
Chrysler,200,2013,6559,97000
Nissan,Rogue,2020,29266,9179
Honda,CR-V,2019,29998,16431
Jeep,Wrangler,2019,33995,40475
Toyota,Corolla,2017,18495,15174
BMW,3 Series,2018,29495,43693
Chevrolet,Malibu,2013,7495,117912
Subaru,Forester,2020,30719,14276
Mercedes-Benz,E-Class,2018,31998,52447
INFINITI,Q50,2019,28776,38330
Volkswagen,New Beetle,2005,4877,108943
Nissan,Rogue,2015,15490,67212
Subaru,WRX,2019,33999,14846
Dodge,Durango,2018,54900,38124
Land,Rover Range Rover Sport,2016,33392,70000
Volvo,XC90,2022,64500,11521
GMC,Yukon,2022,84500,110
Ford,Fusion,2014,14990,82293
Mercedes-Benz,S-Class,2019,58888,25041
Kia,Sorento,2019,22490,41334
Honda,CR-V,2018,27995,38254
Jeep,Grand Cherokee,2018,28942,30580
Ford,Escape,2019,23000,39214
Chevrolet,Silverado 1500,2021,54000,37874
Subaru,Ascent,2019,31756,46937
Honda,Odyssey,2012,8999,150346
Honda,Odyssey,2019,38160,19208
Toyota,RAV4,2015,14995,128031
Jeep,Compass,2012,6950,119065
Honda,CR-V,2019,26500,39209
Chevrolet,Equinox,2019,25998,15773
Jeep,Cherokee,2019,26995,38963
Ford,F-150,2020,36600,55962
Honda,HR-V,2019,25490,21293
Porsche,Cayenne,2021,145995,4953
Ford,Fusion,2020,16526,65561
Honda,Accord,2020,31995,21128
Cadillac,Escalade,2017,41900,72479
Mercedes-Benz,S-Class,2020,72995,14528
Ford,F-150,2021,40998,28565
FIAT,500X,2016,17550,24764
Mercedes-Benz,GLS,2019,46988,27945
Lexus,RX,2019,34995,43168
Nissan,Altima,2020,23998,78502
Honda,Accord,2019,22590,28203
BMW,X5,2019,41245,48729
Ford,Explorer,2014,12995,105453
Ford,F-150,2017,36998,71427
Hyundai,Santa Fe Sport,2017,15980,76227
Ford,Bronco,2021,50990,5122
Cadillac,ELR,2014,24990,70935
Nissan,Altima,2015,9486,124595
INFINITI,Q50,2014,20981,58639
GMC,Terrain,2020,27540,23571
Mercedes-Benz,Metris Cargo Van,2018,31000,16220
Ford,Fusion,2018,19998,50667
Nissan,Altima,2021,24697,43800
Nissan,Sentra,2018,14995,56306
Jeep,Grand Cherokee,2017,30995,70952
Nissan,Rogue,2011,8996,70894
Honda,CR-V,2019,26490,36321
Hyundai,Sonata,2019,21500,8501
Kia,Forte,2017,15590,69322
Jeep,Cherokee,2018,19995,61006
Ford,F-150,2019,37998,43940
Nissan,Rogue,2019,27603,19677
Subaru,WRX,2018,20500,78000
Lexus,UX,2021,35900,30373
Chevrolet,Equinox,2019,22000,32509
Ram,1500,2020,37000,33313
Chrysler,Town & Country,2014,8195,126141
Mercedes-Benz,C-Class,2019,32998,30685
Ford,Explorer,2020,32998,44022
Ford,Escape,2019,19795,24718
Ford,Super Duty F-350,2019,64900,26326
Scion,tC,2015,9777,109146
Honda,Accord,2015,11900,138756
Toyota,Highlander,2020,42799,44765
Ford,Edge,2021,40957,3735
Ford,F-150,2020,32945,46120
BMW,3 Series,2019,32888,42199
Honda,Pilot,2019,28995,41205
Chevrolet,Equinox,2019,23844,38750
Chevrolet,Blazer,2019,33000,9005
GMC,Terrain,2020,23990,61347
Ram,1500,2020,37998,39774
Tesla,Model 3,2020,49995,40476
Chevrolet,Equinox,2019,24800,22849
BMW,X5,2015,21795,98020
INFINITI,QX60,2019,31888,35208
Hyundai,Sonata,2022,31777,5864
GMC,Acadia,2019,32998,40906
Toyota,Corolla,2020,21500,27863
Lexus,RX,2012,16995,113097
Tesla,Model 3,2019,46998,32613
Ford,Fusion,2014,14590,87517
Mercedes-Benz,C-Class,2015,19999,81897
Jeep,Cherokee,2019,25294,43067
Toyota,Highlander,2010,9700,169970
Ford,Explorer,2018,30900,40612
Honda,Accord,2013,14500,97533
Subaru,Crosstrek,2019,24499,46865
Honda,Civic,2019,25995,8248
BMW,X5,2018,31995,72483
Volkswagen,Tiguan,2019,26988,40395
Volvo,XC90,2020,45650,32708
Mercedes-Benz,GLC,2022,50110,6352
Honda,Civic,2019,23998,41437
Hyundai,Sonata,2018,17848,39274
Kia,Telluride,2020,32801,88590
Toyota,Corolla,2021,24998,14563
Acura,ILX,2016,19990,80608
Chevrolet,Equinox,2019,21991,48994
Nissan,Rogue,2021,24719,42037
Dodge,Charger,2020,27998,34293
Toyota,Highlander,2019,26995,88964
Chevrolet,Tahoe,2017,45500,24695
Chevrolet,Camaro,2019,40378,20019
Volvo,XC60,2019,42390,21951
Toyota,RAV4,2019,28295,24453
Honda,Odyssey,2014,21955,57983
Nissan,Rogue,2013,7089,140825
Chevrolet,Silverado 1500,2020,36547,60900
Hyundai,Elantra,2018,11877,96330
GMC,Terrain,2015,15199,67186
Nissan,NV Cargo,2019,34900,58930
Jeep,Grand Cherokee,2017,20895,100898
BMW,3 Series,2018,27995,24000
Hyundai,Elantra,2020,19868,17645
Hyundai,Sonata,2011,6999,126660
BMW,5 Series,2019,32995,49467
BMW,M3,2017,48500,75493
Honda,Accord,2017,18942,51684
Mercedes-Benz,GLC,2022,49475,8350
Nissan,Rogue,2020,29025,12277
BMW,X5,2019,41597,48447
BMW,X1,2016,17877,99771
Toyota,Camry,2019,29998,42087
Nissan,Rogue,2020,28982,12835
Chevrolet,Tahoe,2021,68000,19705
Jeep,Compass,2022,32500,390
Nissan,Rogue,2019,26995,38039
Ford,Escape,2019,23295,33250
BMW,4 Series,2019,31150,27327
Nissan,Altima,2020,21997,60391
Mercedes-Benz,E-Class,2016,21998,65982
Audi,Q5,2020,38518,28981
Nissan,Rogue,2018,22995,37747
Honda,Civic,2017,15995,54229
Ram,1500,2014,19199,162179
INFINITI,Q50,2019,26990,54365
INFINITI,QX50,2020,37077,32121
Mercedes-Benz,C-Class,2017,30998,34129
Hyundai,Santa Fe Sport,2014,14995,105116
Porsche,Cayenne,2019,60998,23072
Mercedes-Benz,GLC,2019,39890,25716
Honda,Civic,2015,15319,101000
Hyundai,Elantra,2020,16450,53951
Chevrolet,Equinox,2018,19990,58551
Mercedes-Benz,GLE,2020,52899,33771
Mercedes-Benz,GLE,2020,52899,33771
Mercedes-Benz,C-Class,2018,25999,93309
Toyota,RAV4,2019,28990,23856
Toyota,Tundra,2019,40994,23894
Nissan,Rogue,2017,15995,86500
Ford,Explorer,2015,14995,94258
Honda,CR-V,2008,7399,179350
Nissan,Altima,2020,27998,62243
Toyota,Camry,2012,10950,113813
Chevrolet,Tahoe,2018,40995,62226
Chevrolet,Equinox,2019,22337,34089
Jeep,Cherokee,2019,26995,29954
Ram,1500,2021,49990,5074
Ford,Escape,2018,21330,34770
Mercedes-Benz,GLB,2021,42995,16793
Toyota,Corolla,2021,23998,36000
Nissan,Altima,2019,16690,29064
Ford,Escape,2019,23995,20208
Ford,Explorer,2018,28395,35606
Ford,F-150,2019,38495,51815
Porsche,Cayenne,2020,69985,22972
Toyota,Tacoma,2018,29987,73228
Jeep,Wrangler,2017,25985,110861
Volkswagen,Tiguan,2019,25000,15172
Subaru,Ascent,2020,35995,17860
Chevrolet,Traverse,2022,48000,7114
Lexus,GX,2019,39995,24969
Tesla,Model 3,2022,63000,1700
Ford,Escape,2019,23932,34934
Honda,Pilot,2020,37719,26319
Lexus,RX,2019,41887,29357
Audi,Q3,2017,24942,46976
Subaru,Forester,2019,26500,32544
Jeep,Compass,2018,19995,42110
Honda,Pilot,2018,27495,77778
Ford,Explorer,2018,24990,75384
Ram,1500,2018,29495,11956
Mercedes-Benz,GLK,2015,15785,107530
Toyota,Corolla,2020,21269,34472
Nissan,Rogue,2018,20995,41074
Cadillac,Escalade,2019,57995,35381
Mercedes-Benz,GLE,2020,48564,56717
Honda,Civic,2019,22814,18888
Mercedes-Benz,C-Class,2018,23250,62562
Porsche,Cayenne,2016,37995,58784
GMC,Acadia,2019,29256,30190
Chevrolet,Traverse,2014,10995,98275
Ford,Fusion,2018,16435,56471
Hyundai,Tucson,2019,23194,32658
Jeep,Grand Cherokee,2017,47995,55749
Mazda,CX-5,2019,26990,21788
Land,Rover LR4,2016,23988,93510
Ford,Edge,2022,33998,9180
Kia,Optima,2019,18539,39251
Kia,Forte,2018,15990,66965
Honda,HR-V,2018,20495,43245
Honda,Pilot,2019,24900,98784
Mazda,Mazda3,2011,6500,125426
Dodge,Charger,2016,18895,119525
Subaru,Impreza,2016,15995,63685
Hyundai,Santa Fe Sport,2017,15995,93652
Acura,TL,2009,7659,160000
Mercedes-Benz,A-Class,2019,33474,20774
Mercedes-Benz,CL,2013,34990,42131
Lexus,IS,2020,39997,22686
Hyundai,Elantra,2017,11990,62327
Lexus,IS,2016,24900,67945
Nissan,Altima,2020,21599,62175
Mercedes-Benz,S-Class,2020,63888,45666
Volkswagen,Tiguan,2019,25495,35473
Jeep,Grand Cherokee,2017,39999,98415
Nissan,Sentra,2019,18998,61030
Dodge,Durango,2019,32995,75502
Honda,Odyssey,2014,21998,83178
Volkswagen,Tiguan,2019,28577,16518
Toyota,Corolla,2021,21888,40283
Volkswagen,Tiguan,2020,23777,36773
Mercedes-Benz,C-Class,2019,28488,19561
Audi,A5,2018,23677,89195
Chevrolet,Suburban,2022,78000,225
Toyota,Tacoma,2021,39797,46501
Honda,Accord,2019,29995,34471
Acura,TLX,2020,31295,15646
Acura,MDX,2019,36995,28250
Chevrolet,Malibu,2018,20998,53269
Toyota,Highlander,2019,35990,29687
Honda,CR-V,2016,20912,71086
Honda,CR-V,2019,29399,25532
Chevrolet,Traverse,2020,26695,38548
Mercedes-Benz,AMG GT,2019,89998,16669
Nissan,Rogue,2019,23998,30221
Ford,Explorer,2020,36895,26384
BMW,X7,2020,60894,39846
Ford,Escape,2020,26998,29336
Ford,Expedition,2014,16995,122277
Porsche,911,2021,289995,327
Jeep,Wrangler,2012,12995,111187
Lexus,NX,2019,37069,50397
Chevrolet,Equinox,2019,20998,75046
Jeep,Compass,2021,23435,23961
Scion,xB,2013,6995,167670
Nissan,Rogue,2018,23695,34088
Nissan,Rogue,2017,14499,56888
Mazda,CX-5,2019,26995,27846
Hyundai,Tucson,2019,26995,28639
Porsche,Macan,2018,36495,71835
Toyota,Corolla,2013,9925,152083
Jeep,Cherokee,2019,27995,79662
Mazda,CX-9,2019,30998,25824
Acura,MDX,2015,14995,170549
Chevrolet,Tahoe,2013,10990,135986
Kia,Sportage,2020,21568,17627
Nissan,Altima,2017,12999,47314
Volvo,XC90,2019,47398,32811
Audi,Q5,2019,35649,15770
Volvo,XC90,2019,50495,14792
Mercedes-Benz,C-Class,2018,29995,49611
Toyota,Highlander,2019,31399,23293
Ford,Explorer,2018,34998,36193
Jeep,Grand Cherokee,2019,36990,25921
BMW,X1,2014,12495,111114
Ford,Escape,2019,22420,43358
Jeep,Grand Cherokee,2020,32988,31000
Honda,CR-V,2019,27984,26043
Nissan,Rogue,2016,18895,35631
Nissan,Rogue,2015,12999,100317
Honda,Pilot,2019,33995,37027
Jeep,Cherokee,2019,20821,64367
Kia,Forte,2019,20441,12217
Cadillac,XT5,2017,20995,86820
Jeep,Grand Cherokee WK,2021,35777,20211
BMW,X5,2015,16995,133908
INFINITI,QX60,2018,27491,33968
Mitsubishi,Mirage,2019,11498,39649
Mercedes-Benz,GLC,2020,38998,15514
Ford,Edge,2019,22590,72297
Chevrolet,Equinox,2019,25995,9797
Ford,Edge,2019,28995,35074
Toyota,Camry,2019,24999,44120
Honda,CR-V,2019,28777,28818
Honda,CR-V,2019,28777,18580
Hyundai,Elantra,2016,17990,19096
Mazda,Mazda2,2011,5499,144649
Chevrolet,Camaro,2021,44500,7272
Mercedes-Benz,GLC,2021,45995,23111
INFINITI,M,2012,8499,183663
Ford,Explorer,2019,31995,32085
Porsche,911,2014,93998,58855
Ford,Explorer,2019,32990,52775
Ford,Escape,2019,23630,17591
Mazda,CX-5,2019,21695,43501
Chrysler,300,2014,9895,143561
Subaru,Outback,2013,10599,114067
Ford,Escape,2019,24595,29433
Kia,Telluride,2020,32749,20606
Mercedes-Benz,C-Class,2015,15900,96844
BMW,X7,2019,59488,37218
Chevrolet,Blazer,2019,31900,7943
BMW,3 Series,2018,26995,45320
Chrysler,Pacifica,2020,30972,66641
Honda,CR-V,2017,22995,50982
Nissan,Rogue,2017,14500,68358
Mercedes-Benz,GLC,2019,39995,34221
Ford,F-150,2017,40995,95665
Toyota,Venza,2009,9900,116595
Nissan,Altima,2020,20596,61378
Lexus,RX,2018,38494,26228
Jeep,Grand Cherokee,2019,34999,25684
Dodge,Charger,2019,23995,51218
Mazda,CX-5,2021,29995,10575
Audi,Q5,2018,31595,34648
Toyota,RAV4,2018,32291,11134
Ford,F-150,2020,45995,16121
Lincoln,Nautilus,2019,36998,40239
Ram,2500,2018,25495,147288
Ford,F-150,2020,37895,33212
Jeep,Cherokee,2019,20590,69466
Honda,Odyssey,2016,25997,29862
GMC,Acadia,2019,28830,27372
Jeep,Cherokee,2019,25995,38634
Porsche,Cayenne,2019,89750,4372
Toyota,Highlander,2019,30998,44337
Jeep,Cherokee,2019,27995,23167
Chevrolet,Tahoe,2019,45695,36291
Jeep,Compass,2019,24998,28508
Jeep,Grand Cherokee,2019,39998,32152
Ford,Escape,2019,23295,38595
Honda,CR-V,2019,28599,42741
Nissan,Rogue,2019,18395,36217
Jeep,Cherokee,2019,16995,122678
Acura,MDX,2016,23990,52464
Jeep,Wrangler,2018,45998,33970
Ford,Explorer,2016,18998,122277
Cadillac,XT4,2019,35995,17719
Ford,F-150,2018,35595,54005
Bentley,Bentayga,2021,289500,3948
Ford,Explorer,2019,34595,15998
Ford,Escape,2019,21995,35061
Nissan,Altima,2020,24990,24261
Ford,F-150,2018,28998,59287
INFINITI,QX60,2018,26491,36681
Honda,Accord,2020,32295,20239
Ford,Explorer,2013,15649,125221
Ford,Escape,2019,23295,33555
BMW,X3,2019,34700,26984
Jeep,Grand Cherokee,2019,29988,53867
Toyota,Camry,2007,6519,100520
Audi,Q5,2018,31995,20140
BMW,6 Series,2013,31985,40615
GMC,Yukon,2016,22998,155832
Volvo,XC40,2021,44500,3250
Toyota,Tundra,2014,16990,140275
Nissan,Rogue,2019,19190,20000
Audi,A4,2018,24986,56763
Lexus,RX,2019,38003,28438
Mercedes-Benz,GLC,2021,43998,9937
Mercedes-Benz,GLE,2018,49995,56925
Lincoln,MKX,2012,10995,100887
Honda,Ridgeline,2011,11499,197278
Mercedes-Benz,S-Class,2017,77969,61773
Jeep,Cherokee,2019,27777,25921
Lincoln,Nautilus,2019,37990,34438
Ram,1500 Classic,2019,28495,43336
GMC,Terrain,2019,23500,37766
Ford,Explorer,2020,36675,23701
Chevrolet,Trax,2019,18500,38117
Ford,Edge,2019,29295,15126
Kia,Forte,2020,17300,28408
Chevrolet,Tahoe,2020,37990,62930
Subaru,Forester,2020,28889,24076
Mercedes-Benz,CLK,2006,9995,83760
Toyota,RAV4,2019,26688,48356
Kia,Sorento,2015,12000,99000
Mazda,CX-5,2018,19999,95854
Nissan,Rogue,2019,17895,53927
Toyota,Camry,2009,7495,167845
Dodge,Challenger,2021,23800,28900
Nissan,Pathfinder,2018,27900,21352
Mazda,CX-5,2019,25890,28738
Lexus,RX,2019,39990,18246
